fips,county,state,units_prior,units_current,units_change_pct,sf_prior,sf_current,sf_change_pct,mf_prior,mf_current,mf_change_pct,reported_share_pct,headline_misleading
06037,"Los Angeles County",06,11000,17045,55,5781,5832,0.9,5219,11213,114.8,90.2,false
48201,"Harris County",48,18754,16432,-12.4,10831,10469,-3.3,7923,5963,-24.7,99.1,false
04013,"Maricopa County",04,18313,14749,-19.5,10992,9301,-15.4,7321,5448,-25.6,94.8,false
48439,"Tarrant County",48,9769,10683,9.4,5716,5548,-2.9,4053,5135,26.7,98.4,true
37183,"Wake County",37,9006,10004,11.1,5248,5290,0.8,3758,4714,25.4,91.3,false
48085,"Collin County",48,12469,8943,-28.3,7530,5972,-20.7,4939,2971,-39.8,91.3,false
48339,"Montgomery County",48,9199,7352,-20.1,7587,6965,-8.2,1612,387,-76,97.3,false
48113,"Dallas County",48,7207,6996,-2.9,2886,3034,5.1,4321,3962,-8.3,98.8,false
48453,"Travis County",48,8085,6769,-16.3,3166,3359,6.1,4919,3410,-30.7,91.4,false
53033,"King County",53,3600,6740,87.2,1532,1490,-2.7,2068,5250,153.9,93.3,true
48157,"Fort Bend County",48,7047,6676,-5.3,5821,5836,0.3,1226,840,-31.5,94.3,false
12071,"Lee County",12,9112,6639,-27.1,6376,4505,-29.3,2736,2134,-22,100,false
12086,"Miami-Dade County",12,9592,6202,-35.3,1390,1345,-3.2,8202,4857,-40.8,85.1,false
13121,"Fulton County",13,5379,6124,13.9,1473,1304,-11.5,3906,4820,23.4,90.1,true
36005,"Bronx County",36,3109,5779,85.9,2,7,250,3107,5772,85.8,100,false
06073,"San Diego County",06,6827,5547,-18.7,2046,1876,-8.3,4781,3671,-23.2,93.1,false
12101,"Pasco County",12,5286,5547,4.9,3764,3851,2.3,1522,1696,11.4,99.2,false
39049,"Franklin County",39,7178,5402,-24.7,1056,1111,5.2,6122,4291,-29.9,99.7,false
12099,"Palm Beach County",12,2675,5399,101.8,1497,2048,36.8,1178,3351,184.5,94.1,false
36047,"Kings County",36,3390,5360,58.1,13,14,7.7,3377,5346,58.3,100,false
32003,"Clark County",32,9094,5277,-42,6193,4478,-27.7,2901,799,-72.5,99.9,false
12081,"Manatee County",12,4867,4904,0.8,3125,3859,23.5,1742,1045,-40,99.9,false
36081,"Queens County",36,1026,4896,377.2,24,27,12.5,1002,4869,385.9,100,false
12057,"Hillsborough County",12,5317,4838,-9,2617,2417,-7.6,2700,2421,-10.3,100,false
04021,"Pinal County",04,5744,4798,-16.5,4721,4526,-4.1,1023,272,-73.4,96.5,false
06065,"Riverside County",06,5754,4469,-22.3,3863,3736,-3.3,1891,733,-61.2,81,false
12095,"Orange County",12,8468,4309,-49.1,3022,2502,-17.2,5446,1807,-66.8,99.8,false
12105,"Polk County",12,5547,4294,-22.6,4169,4071,-2.4,1378,223,-83.8,85.9,false
48215,"Hidalgo County",48,4451,4024,-9.6,2739,2818,2.9,1712,1206,-29.6,88.1,false
53053,"Pierce County",53,1889,3970,110.2,1138,1162,2.1,751,2808,273.9,97.4,false
08031,"Denver County",08,2197,3911,78,565,486,-14,1632,3425,109.9,100,true
06085,"Santa Clara County",06,2108,3808,80.6,1084,1096,1.1,1024,2712,164.8,98,false
48029,"Bexar County",48,4152,3724,-10.3,3190,3061,-4,962,663,-31.1,93,false
12083,"Marion County",12,4043,3703,-8.4,3588,3645,1.6,455,58,-87.3,99.9,false
40109,"Oklahoma County",40,4218,3654,-13.4,3065,3383,10.4,1153,271,-76.5,86.2,false
06067,"Sacramento County",06,3830,3653,-4.6,3117,2798,-10.2,713,855,19.9,99.6,false
16001,"Ada County",16,3354,3637,8.4,2988,3103,3.8,366,534,45.9,100,false
49035,"Salt Lake County",49,3450,3534,2.4,1463,1548,5.8,1987,1986,-0.1,99.4,false
12031,"Duval County",12,3443,3510,1.9,2293,2393,4.4,1150,1117,-2.9,99.2,false
12097,"Osceola County",12,5089,3441,-32.4,3629,2269,-37.5,1460,1172,-19.7,96.4,false
18057,"Hamilton County",18,2034,3420,68.1,1718,1718,0,316,1702,438.6,97.6,false
06071,"San Bernardino County",06,4416,3405,-22.9,2316,2135,-7.8,2100,1270,-39.5,93.7,false
37019,"Brunswick County",37,2748,3350,21.9,2748,3112,13.2,0,238,,99.1,false
49049,"Utah County",49,4112,3346,-18.6,3142,2611,-16.9,970,735,-24.2,99.5,false
45045,"Greenville County",45,3675,3321,-9.6,2704,2496,-7.7,971,825,-15,97.4,false
12069,"Lake County",12,2994,3068,2.5,2371,2664,12.4,623,404,-35.2,86.2,false
20091,"Johnson County",20,1711,3000,75.3,1121,1360,21.3,590,1640,178,94.7,false
37119,"Mecklenburg County",37,5379,2908,-45.9,3057,322,-89.5,2322,2586,11.4,100,false
55025,"Dane County",55,3303,2908,-12,820,798,-2.7,2483,2110,-15,86.7,false
45083,"Spartanburg County",45,2622,2868,9.4,2622,2868,9.4,0,0,,99.3,false
42101,"Philadelphia County",42,1603,2836,76.9,342,374,9.4,1261,2462,95.2,100,false
12115,"Sarasota County",12,4031,2835,-29.7,2441,2358,-3.4,1590,477,-70,100,false
12009,"Brevard County",12,2470,2691,8.9,2012,2169,7.8,458,522,14,97.4,false
37021,"Buncombe County",37,1191,2663,123.6,644,674,4.7,547,1989,263.6,80.5,false
48491,"Williamson County",48,3749,2619,-30.1,2930,2583,-11.8,819,36,-95.6,87.4,false
05143,"Washington County",05,1601,2608,62.9,956,1332,39.3,645,1276,97.8,99.3,false
51059,"Fairfax County",51,2224,2536,14,511,453,-11.4,1713,2083,21.6,100,true
12119,"Sumter County",12,2104,2524,20,1903,2410,26.6,201,114,-43.3,99.8,false
47037,"Davidson County",47,3025,2486,-17.8,1737,1138,-34.5,1288,1348,4.7,99.6,false
08041,"El Paso County",08,2797,2459,-12.1,1777,1841,3.6,1020,618,-39.4,100,false
20173,"Sedgwick County",20,1659,2441,47.1,746,796,6.7,913,1645,80.2,92,false
31055,"Douglas County",31,2548,2378,-6.7,1164,1074,-7.7,1384,1304,-5.8,98.5,false
47149,"Rutherford County",47,2043,2342,14.6,1734,1870,7.8,309,472,52.8,100,false
10005,"Sussex County",10,2612,2301,-11.9,2104,2046,-2.8,508,255,-49.8,100,false
17031,"Cook County",17,3496,2278,-34.8,757,689,-9,2739,1589,-42,86.8,false
12021,"Collier County",12,1947,2233,14.7,1305,1284,-1.6,642,949,47.8,95.8,true
53061,"Snohomish County",53,2101,2198,4.6,1205,1150,-4.6,896,1048,17,85,true
08123,"Weld County",08,1910,2157,12.9,1599,1414,-11.6,311,743,138.9,91.1,true
08005,"Arapahoe County",08,2242,2156,-3.8,1167,1065,-8.7,1075,1091,1.5,98.2,false
16027,"Canyon County",16,2442,2154,-11.8,1787,1820,1.8,655,334,-49,93.5,false
48041,"Brazos County",48,1235,2143,73.5,1051,929,-11.6,184,1214,559.8,100,true
13135,"Gwinnett County",13,2563,2139,-16.5,1810,1965,8.6,753,174,-76.9,89.3,false
12015,"Charlotte County",12,1947,2118,8.8,1665,1943,16.7,282,175,-37.9,100,false
51041,"Chesterfield County",51,1561,2040,30.7,1062,840,-20.9,499,1200,140.5,100,true
12109,"St. Johns County",12,3395,2024,-40.4,2279,1812,-20.5,1116,212,-81,100,false
12111,"St. Lucie County",12,2835,2023,-28.6,2345,1975,-15.8,490,48,-90.2,100,false
32031,"Washoe County",32,1727,2000,15.8,1032,822,-20.3,695,1178,69.5,100,true
06061,"Placer County",06,2044,1991,-2.6,1442,1395,-3.3,602,596,-1,100,false
01003,"Baldwin County",01,1658,1978,19.3,1579,1900,20.3,79,78,-1.3,91.9,false
40143,"Tulsa County",40,1677,1940,15.7,1299,1065,-18,378,875,131.5,98.8,true
25017,"Middlesex County",25,1346,1926,43.1,471,502,6.6,875,1424,62.7,82.1,false
51760,"Richmond (Independent City)",51,1893,1926,1.7,192,264,37.5,1701,1662,-2.3,100,false
29095,"Jackson County",29,1942,1920,-1.1,747,677,-9.4,1195,1243,4,98.9,false
51013,"Arlington County",51,348,1891,443.4,141,101,-28.4,207,1790,764.7,100,true
49053,"Washington County",49,1590,1879,18.2,1428,1499,5,162,380,134.6,96.8,false
19153,"Polk County",19,2918,1877,-35.7,1376,1267,-7.9,1542,610,-60.4,97.4,false
27053,"Hennepin County",27,1958,1854,-5.3,1011,902,-10.8,947,952,0.5,97.5,false
06001,"Alameda County",06,1291,1825,41.4,553,581,5.1,738,1244,68.6,81.5,false
24031,"Montgomery County",24,593,1783,200.7,563,412,-26.8,30,1371,4470,100,true
48257,"Kaufman County",48,687,1779,159,675,1633,141.9,12,146,1116.7,97.8,false
01081,"Lee County",01,843,1710,102.8,831,1264,52.1,12,446,3616.7,100,false
23005,"Cumberland County",23,1055,1696,60.8,515,487,-5.4,540,1209,123.9,92.7,true
48039,"Brazoria County",48,2021,1695,-16.1,2021,1695,-16.1,0,0,,98.8,false
37067,"Forsyth County",37,1726,1683,-2.5,1714,1683,-1.8,12,0,-100,100,false
47125,"Montgomery County",47,1894,1679,-11.4,1084,1026,-5.4,810,653,-19.4,100,false
12011,"Broward County",12,1839,1656,-10,430,486,13,1409,1170,-17,84.1,false
37179,"Union County",37,1785,1645,-7.8,1465,1370,-6.5,320,275,-14.1,100,false
48091,"Comal County",48,1117,1624,45.4,1117,1211,8.4,0,413,,100,false
37035,"Catawba County",37,1252,1619,29.3,856,1256,46.7,396,363,-8.3,100,false
48139,"Ellis County",48,1978,1597,-19.3,1909,1561,-18.2,69,36,-47.8,88.7,false
48303,"Lubbock County",48,1789,1594,-10.9,1245,1233,-1,544,361,-33.6,99.9,false
06077,"San Joaquin County",06,1806,1555,-13.9,1806,1555,-13.9,0,0,,85,false
12131,"Walton County",12,1739,1549,-10.9,858,1176,37.1,881,373,-57.7,100,false
37081,"Guilford County",37,1476,1532,3.8,1170,941,-19.6,306,591,93.1,100,true
12103,"Pinellas County",12,1772,1524,-14,663,829,25,1109,695,-37.3,97.9,false
13067,"Cobb County",13,1303,1522,16.8,670,592,-11.6,633,930,46.9,81.5,true
35000,"New Mexico Balance of State",35,1690,1518,-10.2,1690,1518,-10.2,0,0,,100,false
51107,"Loudoun County",51,1203,1518,26.2,438,429,-2.1,765,1089,42.4,100,true
41067,"Washington County",41,1215,1515,24.7,1128,697,-38.2,87,818,840.2,96.2,true
17019,"Champaign County",17,356,1496,320.2,122,96,-21.3,234,1400,498.3,99.1,true
37101,"Johnston County",37,1526,1486,-2.6,1515,1486,-1.9,11,0,-100,84.5,false
26163,"Wayne County",26,2246,1484,-33.9,724,622,-14.1,1522,862,-43.4,95.5,false
13151,"Henry County",13,1028,1466,42.6,1028,1175,14.3,0,291,,96.9,false
08035,"Douglas County",08,1744,1461,-16.2,1006,1028,2.2,738,433,-41.3,100,false
34025,"Monmouth County",34,2380,1452,-39,1208,1032,-14.6,1172,420,-64.2,81.8,false
37147,"Pitt County",37,940,1448,54,830,368,-55.7,110,1080,881.8,82.3,true
12113,"Santa Rosa County",12,1265,1439,13.8,1265,1281,1.3,0,158,,100,false
37071,"Gaston County",37,1433,1439,0.4,1303,1135,-12.9,130,304,133.8,100,true
17089,"Kane County",17,958,1430,49.3,797,911,14.3,161,519,222.4,91.6,false
46099,"Minnehaha County",46,1084,1427,31.6,527,452,-14.2,557,975,75,98.9,true
37133,"Onslow County",37,919,1415,54,885,953,7.7,34,462,1258.8,99.9,false
06019,"Fresno County",06,1126,1402,24.5,985,892,-9.4,141,510,261.7,86.2,true
12035,"Flagler County",12,1400,1401,0.1,1322,1159,-12.3,78,242,210.3,94.8,true
08069,"Larimer County",08,1414,1399,-1.1,637,659,3.5,777,740,-4.8,95.9,false
08001,"Adams County",08,1453,1395,-4,1254,1188,-5.3,199,207,4,94.6,false
39025,"Clermont County",39,864,1384,60.2,481,515,7.1,383,869,126.9,99.3,false
25025,"Suffolk County",25,1349,1343,-0.4,129,119,-7.8,1220,1224,0.3,88.3,false
34029,"Ocean County",34,1844,1333,-27.7,1457,966,-33.7,387,367,-5.2,84.9,false
48441,"Taylor County",48,577,1315,127.9,399,678,69.9,178,637,257.9,98.6,false
29183,"St. Charles County",29,974,1311,34.6,759,857,12.9,215,454,111.2,95,false
37001,"Alamance County",37,1411,1310,-7.2,1148,1084,-5.6,263,226,-14.1,100,false
41051,"Multnomah County",41,983,1302,32.5,643,646,0.5,340,656,92.9,97.8,false
16055,"Kootenai County",16,1103,1299,17.8,720,827,14.9,383,472,23.2,84,false
06107,"Tulare County",06,1073,1298,21,1024,1246,21.7,49,52,6.1,98.8,false
24033,"Prince George County",24,1497,1280,-14.5,1264,885,-30,233,395,69.5,100,false
41017,"Deschutes County",41,1469,1279,-12.9,692,883,27.6,777,396,-49,100,false
11001,"Washington  DC",11,620,1264,103.9,79,134,69.6,541,1130,108.9,100,false
39041,"Delaware County",39,1224,1257,2.7,969,1181,21.9,255,76,-70.2,97.8,false
45063,"Lexington County",45,1311,1239,-5.5,1311,1231,-6.1,0,8,,96.2,false
53005,"Benton County",53,873,1236,41.6,650,695,6.9,223,541,142.6,99,false
12127,"Volusia County",12,2030,1235,-39.2,1440,1119,-22.3,590,116,-80.3,85.6,false
47189,"Wilson County",47,1342,1203,-10.4,1174,990,-15.7,168,213,26.8,100,false
36061,"New York County",36,1111,1170,5.3,1,2,100,1110,1168,5.2,100,false
41047,"Marion County",41,757,1143,51,530,596,12.5,227,547,141,99.1,false
31109,"Lancaster County",31,1449,1141,-21.3,606,615,1.5,843,526,-37.6,99.6,false
35001,"Bernalillo County",35,1019,1137,11.6,411,467,13.6,608,670,10.2,90.1,false
27109,"Olmsted County",27,360,1131,214.2,220,248,12.7,140,883,530.7,99.2,false
12053,"Hernando County",12,1198,1129,-5.8,1131,1105,-2.3,67,24,-64.2,97.6,false
39061,"Hamilton County",39,561,1124,100.4,386,419,8.5,175,705,302.9,88.8,false
37129,"New Hanover County",37,1458,1120,-23.2,753,584,-22.4,705,536,-24,80.7,false
18097,"Marion County",18,938,1116,19,647,648,0.2,291,468,60.8,88.5,false
51550,"Chesapeake(Independent City)",51,484,1114,130.2,293,427,45.7,191,687,259.7,100,false
12033,"Escambia County",12,821,1097,33.6,821,1097,33.6,0,0,,100,false
55009,"Brown County",55,638,1096,71.8,402,390,-3,236,706,199.2,88.5,true
08013,"Boulder County",08,771,1093,41.8,264,288,9.1,507,805,58.8,99.3,false
13117,"Forsyth County",13,1219,1082,-11.2,917,731,-20.3,302,351,16.2,100,false
26099,"Macomb County",26,1020,1068,4.7,629,618,-1.7,391,450,15.1,99.2,true
17197,"Will County",17,1275,1058,-17,1092,1058,-3.1,183,0,-100,97.3,false
26081,"Kent County",26,1162,1034,-11,815,677,-16.9,347,357,2.9,84.5,false
48309,"McLennan County",48,1121,1034,-7.8,515,490,-4.9,606,544,-10.2,89.7,false
13045,"Carroll County",13,587,1031,75.6,550,785,42.7,37,246,564.9,98.4,false
13057,"Cherokee County",13,1081,1031,-4.6,1050,777,-26,31,254,719.4,100,false
45007,"Anderson County",45,935,1027,9.8,749,1027,37.1,186,0,-100,100,false
13223,"Paulding County",13,869,1024,17.8,833,702,-15.7,36,322,794.4,100,true
47157,"Shelby County",47,610,1008,65.2,585,733,25.3,25,275,1000,100,false
06075,"San Francisco County",06,1026,1004,-2.1,9,9,0,1017,995,-2.2,100,false
45035,"Dorchester County",45,1013,1003,-1,1013,1003,-1,0,0,,95.4,false
06013,"Contra Costa County",06,721,1002,39,638,728,14.1,83,274,230.1,94.1,false
53067,"Thurston County",53,868,987,13.7,464,488,5.2,404,499,23.5,81.9,false
37159,"Rowan County",37,497,980,97.2,497,661,33,0,319,,100,false
24005,"Baltimore County",24,846,977,15.5,626,433,-30.8,220,544,147.3,100,true
49005,"Cache County",49,643,977,51.9,537,610,13.6,106,367,246.2,99.7,false
37025,"Cabarrus County",37,1406,973,-30.8,797,926,16.2,609,47,-92.3,100,false
45053,"Jasper County",45,1090,960,-11.9,697,954,36.9,393,6,-98.5,96.7,false
49011,"Davis County",49,711,952,33.9,513,566,10.3,198,386,94.9,99.9,false
33015,"Rockingham County",33,977,936,-4.2,396,451,13.9,581,485,-16.5,94,false
06099,"Stanislaus County",06,493,931,88.8,445,796,78.9,48,135,181.3,86.9,false
13013,"Barrow County",13,941,930,-1.2,657,930,41.6,284,0,-100,97,false
48397,"Rockwall County",48,1191,897,-24.7,1187,897,-24.4,4,0,-100,98.6,false
18003,"Allen County",18,752,894,18.9,712,794,11.5,40,100,150,100,false
27163,"Washington County",27,1282,881,-31.3,736,639,-13.2,546,242,-55.7,98.8,false
09190,"Western Connecticut Planning Region",09,1390,875,-37.1,239,270,13,1151,605,-47.4,89.1,false
27123,"Ramsey County",27,190,874,360,124,122,-1.6,66,752,1039.4,89.2,true
10001,"Kent County",10,767,865,12.8,631,584,-7.4,136,281,106.6,100,true
18063,"Hendricks County",18,1043,862,-17.4,976,808,-17.2,67,54,-19.4,100,false
47155,"Sevier County",47,757,858,13.3,613,479,-21.9,144,379,163.2,86.6,true
39165,"Warren County",39,787,854,8.5,533,584,9.6,254,270,6.3,98.1,false
37097,"Iredell County",37,1442,848,-41.2,1054,812,-23,388,36,-90.7,87.6,false
12019,"Clay County",12,643,836,30,625,812,29.9,18,24,33.3,99.3,false
47187,"Williamson County",47,806,836,3.7,779,765,-1.8,27,71,163,100,true
45003,"Aiken County",45,1133,835,-26.3,810,833,2.8,323,2,-99.4,100,false
54003,"Berkeley County",54,630,833,32.2,624,749,20,6,84,1300,99.5,false
48021,"Bastrop County",48,1182,831,-29.7,1008,821,-18.6,174,10,-94.3,100,false
06083,"Santa Barbara County",06,613,828,35.1,256,328,28.1,357,500,40.1,87.2,false
47165,"Sumner County",47,2430,827,-66,976,798,-18.2,1454,29,-98,97,false
10003,"New Castle County",10,784,820,4.6,676,624,-7.7,108,196,81.5,100,true
16019,"Bonneville County",16,751,817,8.8,424,394,-7.1,327,423,29.4,96.5,true
19103,"Johnson County",19,696,798,14.7,260,275,5.8,436,523,20,87,false
37141,"Pender County",37,533,794,49,472,452,-4.2,61,342,460.7,99.2,true
17111,"McHenry County",17,958,793,-17.2,578,519,-10.2,380,274,-27.9,94.6,false
18011,"Boone County",18,863,786,-8.9,575,594,3.3,288,192,-33.3,100,false
18089,"Lake County",18,697,783,12.3,697,758,8.8,0,25,,97.4,false
48135,"Ector County",48,496,766,54.4,496,766,54.4,0,0,,100,false
05119,"Pulaski County",05,1189,758,-36.2,1021,661,-35.3,168,97,-42.3,97.4,false
24021,"Frederick County",24,900,757,-15.9,563,606,7.6,337,151,-55.2,100,false
04025,"Yavapai County",04,1183,756,-36.1,816,641,-21.4,367,115,-68.7,90.2,false
27019,"Carver County",27,759,746,-1.7,301,304,1,458,442,-3.5,99.9,false
51153,"Prince William County",51,428,744,73.8,428,744,73.8,0,0,,100,false
47009,"Blount County",47,515,743,44.3,507,470,-7.3,8,273,3312.5,80.1,true
12091,"Okaloosa County",12,524,742,41.6,486,736,51.4,38,6,-84.2,94.3,false
18081,"Johnson County",18,664,739,11.3,579,687,18.7,85,52,-38.8,98.6,false
01097,"Mobile County",01,654,728,11.3,590,726,23.1,64,2,-96.9,97.3,false
12085,"Martin County",12,569,718,26.2,567,704,24.2,2,14,600,100,false
04027,"Yuma County",04,655,715,9.2,482,584,21.2,173,131,-24.3,97.8,false
53035,"Kitsap County",53,1152,715,-37.9,447,403,-9.8,705,312,-55.7,100,false
48181,"Grayson County",48,1139,713,-37.4,749,701,-6.4,390,12,-96.9,81.6,false
54037,"Jefferson County",54,798,701,-12.2,720,666,-7.5,78,35,-55.1,90.3,false
15001,"Hawaii County",15,741,693,-6.5,741,559,-24.6,0,134,,100,false
51087,"Henrico County",51,1287,690,-46.4,550,534,-2.9,737,156,-78.8,100,false
55139,"Winnebago County",55,350,681,94.6,179,173,-3.4,171,508,197.1,96.5,true
24510,"Baltimore (Independent City)",24,336,676,101.2,116,207,78.4,220,469,113.2,92.9,false
08059,"Jefferson County",08,765,673,-12,524,548,4.6,241,125,-48.1,85,false
17043,"DuPage County",17,810,671,-17.2,484,504,4.1,326,167,-48.8,87.5,false
45057,"Lancaster County",45,780,671,-14,780,671,-14,0,0,,100,false
19049,"Dallas County",19,493,669,35.7,395,342,-13.4,98,327,233.7,96.6,true
48479,"Webb County",48,860,662,-23,669,594,-11.2,191,68,-64.4,100,false
29019,"Boone County",29,486,660,35.8,381,373,-2.1,105,287,173.3,100,true
13153,"Houston County",13,632,656,3.8,632,654,3.5,0,2,,100,false
27171,"Wright County",27,688,652,-5.2,632,610,-3.5,56,42,-25,97.1,false
37125,"Moore County",37,686,652,-5,678,596,-12.1,8,56,600,87.6,false
29077,"Greene County",29,612,644,5.2,440,494,12.3,172,150,-12.8,93.5,false
42019,"Butler County",42,664,643,-3.2,595,597,0.3,69,46,-33.3,89.1,false
45077,"Pickens County",45,538,643,19.5,524,410,-21.8,14,233,1564.3,93.2,true
39017,"Butler County",39,725,641,-11.6,350,294,-16,375,347,-7.5,91.6,false
01117,"Shelby County",01,619,640,3.4,619,640,3.4,0,0,,87.8,false
55087,"Outagamie County",55,416,640,53.8,286,272,-4.9,130,368,183.1,93.8,true
21015,"Boone County",21,515,639,24.1,271,266,-1.8,244,373,52.9,100,true
13015,"Bartow County",13,687,632,-8,528,445,-15.7,159,187,17.6,100,false
18059,"Hancock County",18,699,630,-9.9,654,480,-26.6,45,150,233.3,100,false
37057,"Davidson County",37,616,630,2.3,565,630,11.5,51,0,-100,94,false
37069,"Franklin County",37,438,630,43.8,438,630,43.8,0,0,,100,false
53073,"Whatcom County",53,769,626,-18.6,400,372,-7,369,254,-31.2,87.7,false
44007,"Providence County",44,484,619,27.9,115,155,34.8,369,464,25.7,80.3,false
45059,"Laurens County",45,538,617,14.7,535,617,15.3,3,0,-100,93.8,false
48291,"Liberty County",48,742,616,-17,740,616,-16.8,2,0,-100,99.2,false
37135,"Orange County",37,311,608,95.5,182,231,26.9,129,377,192.2,87.3,false
22103,"St. Tammany Parish",22,618,606,-1.9,614,594,-3.3,4,12,200,98.8,false
48375,"Potter County",48,271,602,122.1,269,423,57.2,2,179,8850,100,false
42041,"Cumberland County",42,432,601,39.1,346,357,3.2,86,244,183.7,88.4,false
24003,"Anne Arundel County",24,1035,587,-43.3,547,470,-14.1,488,117,-76,96.1,false
37151,"Randolph County",37,360,585,62.5,290,313,7.9,70,272,288.6,100,false
30029,"Flathead County",30,203,584,187.7,123,150,22,80,434,442.5,100,false
18019,"Clark County",18,463,577,24.6,463,457,-1.3,0,120,,93.2,true
38017,"Cass County",38,741,573,-22.7,413,257,-37.8,328,316,-3.7,97.9,false
19113,"Linn County",19,653,566,-13.3,224,264,17.9,429,302,-29.6,98.9,false
35043,"Sandoval County",35,753,566,-24.8,627,566,-9.7,126,0,-100,100,false
37089,"Henderson County",37,513,565,10.1,429,339,-21,84,226,169,100,true
51165,"Rockingham County",51,381,558,46.5,292,292,0,89,266,198.9,100,false
06039,"Madera County",06,958,554,-42.2,871,523,-40,87,31,-64.4,97.8,false
06079,"San Luis Obispo County",06,409,549,34.2,384,412,7.3,25,137,448,100,false
41005,"Clackamas County",41,655,549,-16.2,471,486,3.2,184,63,-65.8,100,false
17113,"McLean County",17,147,544,270.1,147,151,2.7,0,393,,98.3,false
28121,"Rankin County",28,255,544,113.3,255,544,113.3,0,0,,96.9,false
34035,"Somerset County",34,654,531,-18.8,191,200,4.7,463,331,-28.5,80.8,false
30111,"Yellowstone County",30,508,529,4.1,353,445,26.1,155,84,-45.8,98.7,false
37191,"Wayne County",37,597,527,-11.7,591,519,-12.2,6,8,33.3,100,false
51810,"Virginia Beach (Independent City)",51,339,525,54.9,169,122,-27.8,170,403,137.1,100,true
28033,"DeSoto County",28,613,522,-14.8,613,522,-14.8,0,0,,93.7,false
41029,"Jackson County",41,503,521,3.6,402,312,-22.4,101,209,106.9,95.4,true
12089,"Nassau County",12,710,516,-27.3,545,498,-8.6,165,18,-89.1,83.1,false
34021,"Mercer County",34,1098,515,-53.1,861,303,-64.8,237,212,-10.5,91.7,false
08077,"Mesa County",08,459,507,10.5,394,376,-4.6,65,131,101.5,100,true
22051,"Jefferson Parish",22,349,506,45,345,484,40.3,4,22,450,95.7,false
47147,"Robertson County",47,520,505,-2.9,514,505,-1.8,6,0,-100,99.8,false
13247,"Rockdale County",13,200,497,148.5,200,497,148.5,0,0,,80.3,false
18141,"St. Joseph County",18,251,493,96.4,177,180,1.7,74,313,323,100,false
47141,"Putnam County",47,359,492,37,335,274,-18.2,24,218,808.3,100,true
53017,"Douglas County",53,137,488,256.2,131,102,-22.1,6,386,6333.3,99.8,true
24025,"Harford County",24,411,487,18.5,391,428,9.5,20,59,195,86.4,false
34015,"Gloucester County",34,612,481,-21.4,516,326,-36.8,96,155,61.5,85.7,false
55035,"Eau Claire County",55,527,478,-9.3,80,105,31.3,447,373,-16.6,97.5,false
28059,"Jackson County",28,336,477,42,316,477,50.9,20,0,-100,99,false
06095,"Solano County",06,656,475,-27.6,529,467,-11.7,127,8,-93.7,98.7,false
20209,"Wyandotte County",20,536,474,-11.6,164,177,7.9,372,297,-20.2,99.4,false
06053,"Monterey County",06,394,471,19.5,321,463,44.2,73,8,-89,93,false
48329,"Midland County",48,875,471,-46.2,875,471,-46.2,0,0,,100,false
49021,"Iron County",49,394,468,18.8,394,464,17.8,0,4,,100,false
13029,"Bryan County",13,235,467,98.7,226,299,32.3,9,168,1766.7,88.7,false
55109,"St. Croix County",55,271,465,71.6,269,337,25.3,2,128,6300,96.8,false
04015,"Mohave County",04,1390,454,-67.3,1315,440,-66.5,75,14,-81.3,96.7,false
37051,"Cumberland County",37,1239,451,-63.6,529,396,-25.1,710,55,-92.3,100,false
51179,"Stafford County",51,256,451,76.2,225,451,100.4,31,0,-100,100,false
27139,"Scott County",27,598,450,-24.7,311,374,20.3,287,76,-73.5,100,false
37109,"Lincoln County",37,516,448,-13.2,516,448,-13.2,0,0,,83.9,false
30049,"Lewis and Clark County",30,121,446,268.6,60,56,-6.7,61,390,539.3,97.3,true
22015,"Bossier Parish",22,371,444,19.7,371,444,19.7,0,0,,98,false
45073,"Oconee County",45,454,437,-3.7,449,417,-7.1,5,20,300,89,false
48053,"Burnet County",48,515,435,-15.5,417,397,-4.8,98,38,-61.2,81.8,false
06087,"Santa Cruz County",06,188,431,129.3,102,118,15.7,86,313,264,82.4,false
19061,"Dubuque County",19,118,430,264.4,86,84,-2.3,32,346,981.3,96.5,true
06113,"Yolo County",06,209,426,103.8,197,189,-4.1,12,237,1875,99.8,true
21227,"Warren County",21,583,426,-26.9,414,314,-24.2,169,112,-33.7,100,false
13179,"Liberty County",13,175,422,141.1,173,300,73.4,2,122,6000,100,false
37105,"Lee County",37,478,421,-11.9,478,421,-11.9,0,0,,100,false
51177,"Spotsylvania County",51,475,421,-11.4,475,421,-11.4,0,0,,100,false
36085,"Richmond County",36,239,420,75.7,43,76,76.7,196,344,75.5,100,false
51069,"Frederick County",51,419,420,0.2,419,420,0.2,0,0,,100,false
22063,"Livingston Parish",22,373,419,12.3,373,413,10.7,0,6,,97.6,false
46103,"Pennington County",46,380,418,10,315,261,-17.1,65,157,141.5,99,true
49051,"Wasatch County",49,502,418,-16.7,430,416,-3.3,72,2,-97.2,81.8,false
39159,"Union County",39,660,417,-36.8,405,356,-12.1,255,61,-76.1,100,false
17093,"Kendall County",17,388,416,7.2,312,329,5.4,76,87,14.5,99.8,false
13089,"DeKalb County",13,613,409,-33.3,465,354,-23.9,148,55,-62.8,100,false
42077,"Lehigh County",42,346,408,17.9,289,254,-12.1,57,154,170.2,87.3,true
44003,"Kent County",44,180,407,126.1,77,74,-3.9,103,333,223.3,93.4,true
48373,"Polk County",48,357,404,13.2,357,404,13.2,0,0,,98.8,false
05125,"Saline County",05,216,403,86.6,216,332,53.7,0,71,,91.8,false
21029,"Bullitt County",21,537,399,-25.7,147,183,24.5,390,216,-44.6,100,false
47179,"Washington County",47,431,399,-7.4,418,359,-14.1,13,40,207.7,100,false
51800,"Suffolk (Independent City)",51,380,399,5,298,399,33.9,82,0,-100,100,false
13039,"Camden County",13,293,398,35.8,273,332,21.6,20,66,230,93.5,false
13245,"Richmond County",13,389,395,1.5,389,395,1.5,0,0,,99.5,false
27035,"Crow Wing County",27,427,395,-7.5,257,247,-3.9,170,148,-12.9,81.8,false
27003,"Anoka County",27,451,393,-12.9,437,378,-13.5,14,15,7.1,91.6,false
30063,"Missoula County",30,405,393,-3,249,183,-26.5,156,210,34.6,100,false
26055,"Grand Traverse County",26,328,390,18.9,245,264,7.8,83,126,51.8,89,false
27013,"Blue Earth County",27,141,388,175.2,117,99,-15.4,24,289,1104.2,96.1,true
09180,"Southeastern Connecticut Planning Region",09,185,387,109.2,169,149,-11.8,16,238,1387.5,83.7,true
24017,"Charles County",24,689,380,-44.8,689,380,-44.8,0,0,,100,false
27059,"Isanti County",27,174,378,117.2,125,198,58.4,49,180,267.3,98.9,false
22019,"Calcasieu Parish",22,311,376,20.9,305,356,16.7,6,20,233.3,91.8,false
40027,"Cleveland County",40,276,376,36.2,262,346,32.1,14,30,114.3,97.6,false
21037,"Campbell County",21,103,374,263.1,84,138,64.3,19,236,1142.1,98.7,false
42027,"Centre County",42,193,368,90.7,159,135,-15.1,34,233,585.3,92.7,true
28089,"Madison County",28,270,366,35.6,270,366,35.6,0,0,,90.2,false
12055,"Highlands County",12,475,362,-23.8,429,356,-17,46,6,-87,100,false
06017,"El Dorado County",06,282,359,27.3,222,334,50.5,60,25,-58.3,90.5,false
48423,"Smith County",48,299,359,20.1,286,352,23.1,13,7,-46.2,81.1,false
37077,"Granville County",37,148,358,141.9,148,182,23,0,176,,100,false
26093,"Livingston County",26,271,355,31,251,257,2.4,20,98,390,100,false
29099,"Jefferson County",29,409,351,-14.2,356,323,-9.3,53,28,-47.2,86,false
40131,"Rogers County",40,609,351,-42.4,383,319,-16.7,226,32,-85.8,97.4,false
13103,"Effingham County",13,443,348,-21.4,407,254,-37.6,36,94,161.1,100,false
01101,"Montgomery County",01,313,347,10.9,277,320,15.5,36,27,-25,87.3,false
27137,"St. Louis County",27,222,347,56.3,141,156,10.6,81,191,135.8,92.8,false
16065,"Madison County",16,396,345,-12.9,178,214,20.2,218,131,-39.9,100,false
21117,"Kenton County",21,362,345,-4.7,248,310,25,114,35,-69.3,100,false
18127,"Porter County",18,341,335,-1.8,341,333,-2.3,0,2,,93.7,false
21093,"Hardin County",21,285,332,16.5,215,300,39.5,70,32,-54.3,93.7,false
29037,"Cass County",29,278,331,19.1,258,304,17.8,20,27,35,90,false
40145,"Wagoner County",40,411,331,-19.5,411,331,-19.5,0,0,,94.6,false
13077,"Coweta County",13,498,330,-33.7,498,330,-33.7,0,0,,99.7,false
20177,"Shawnee County",20,390,330,-15.4,98,96,-2,292,234,-19.9,100,false
42043,"Dauphin County",42,152,328,115.8,108,143,32.4,44,185,320.5,94.2,false
05131,"Sebastian County",05,350,327,-6.6,67,103,53.7,283,224,-20.8,94.5,false
37093,"Hoke County",37,318,327,2.8,314,327,4.1,4,0,-100,100,false
29097,"Jasper County",29,309,326,5.5,252,260,3.2,57,66,15.8,80.4,false
33017,"Strafford County",33,265,326,23,157,172,9.6,108,154,42.6,87.1,false
48497,"Wise County",48,320,326,1.9,318,322,1.3,2,4,100,94.2,false
37037,"Chatham County",37,333,322,-3.3,333,316,-5.1,0,6,,99.1,false
37049,"Craven County",37,330,320,-3,330,320,-3,0,0,,99.7,false
13085,"Dawson County",13,459,318,-30.7,459,318,-30.7,0,0,,81.8,false
21151,"Madison County",21,357,313,-12.3,204,277,35.8,153,36,-76.5,100,false
37027,"Caldwell County",37,349,309,-11.5,347,165,-52.4,2,144,7100,100,false
01083,"Limestone County",01,281,308,9.6,279,308,10.4,2,0,-100,99.7,false
08037,"Eagle County",08,105,302,187.6,84,99,17.9,21,203,866.7,89.1,false
16083,"Twin Falls County",16,314,300,-4.5,306,250,-18.3,8,50,525,93.3,false
26077,"Kalamazoo County",26,299,299,0,291,280,-3.8,8,19,137.5,80.3,false
13129,"Gordon County",13,210,298,41.9,210,296,41,0,2,,99.7,false
41003,"Benton County",41,112,297,165.2,56,154,175,56,143,155.4,100,false
49003,"Box Elder County",49,282,294,4.3,241,273,13.3,41,21,-48.8,87.8,false
13297,"Walton County",13,332,290,-12.7,332,258,-22.3,0,32,,99,false
01115,"St. Clair County",01,275,288,4.7,275,232,-15.6,0,56,,96.5,true
39057,"Greene County",39,275,286,4,247,265,7.3,28,21,-25,89.9,false
47043,"Dickson County",47,414,286,-30.9,214,264,23.4,200,22,-89,100,false
55089,"Ozaukee County",55,404,286,-29.2,172,138,-19.8,232,148,-36.2,96.5,false
17119,"Madison County",17,227,285,25.6,191,194,1.6,36,91,152.8,88.1,false
39103,"Medina County",39,260,281,8.1,260,281,8.1,0,0,,100,false
47047,"Fayette County",47,215,281,30.7,215,281,30.7,0,0,,100,false
47105,"Loudon County",47,635,281,-55.7,381,275,-27.8,254,6,-97.6,100,false
46083,"Lincoln County",46,138,280,102.9,131,167,27.5,7,113,1514.3,97.1,false
37053,"Currituck County",37,221,278,25.8,221,278,25.8,0,0,,100,false
49045,"Tooele County",49,312,277,-11.2,277,220,-20.6,35,57,62.9,87.4,false
47063,"Hamblen County",47,174,272,56.3,138,118,-14.5,36,154,327.8,100,true
06115,"Yuba County",06,316,268,-15.2,299,221,-26.1,17,47,176.5,98.1,false
13115,"Floyd County",13,195,267,36.9,195,267,36.9,0,0,,100,false
32510,"Carson City (Independent City)",32,391,261,-33.2,148,95,-35.8,243,166,-31.7,81.6,false
48099,"Coryell County",48,291,261,-10.3,202,175,-13.4,89,86,-3.4,100,false
13313,"Whitfield County",13,222,260,17.1,158,238,50.6,64,22,-65.6,98.5,false
20103,"Leavenworth County",20,152,260,71.1,148,191,29.1,4,69,1625,100,false
42001,"Adams County",42,267,255,-4.5,267,255,-4.5,0,0,,100,false
39097,"Madison County",39,159,252,58.5,159,252,58.5,0,0,,100,false
51085,"Hanover County",51,413,250,-39.5,181,250,38.1,232,0,-100,100,false
37189,"Watauga County",37,411,248,-39.7,135,160,18.5,276,88,-68.1,88.3,false
39153,"Summit County",39,393,248,-36.9,297,248,-16.5,96,0,-100,94.4,false
55117,"Sheboygan County",55,101,248,145.5,95,95,0,6,153,2450,83.1,false
12051,"Hendry County",12,321,247,-23.1,321,241,-24.9,0,6,,100,false
33001,"Belknap County",33,220,247,12.3,190,237,24.7,30,10,-66.7,81.4,false
04017,"Navajo County",04,312,246,-21.2,290,213,-26.6,22,33,50,89,false
37031,"Carteret County",37,327,246,-24.8,322,244,-24.2,5,2,-60,95.9,false
12129,"Wakulla County",12,367,245,-33.2,367,245,-33.2,0,0,,100,false
18039,"Elkhart County",18,376,245,-34.8,186,227,22,190,18,-90.5,99.2,false
37087,"Haywood County",37,181,245,35.4,173,243,40.5,8,2,-75,100,false
01103,"Morgan County",01,131,242,84.7,131,237,80.9,0,5,,94.2,false
18109,"Morgan County",18,253,242,-4.3,249,230,-7.6,4,12,200,100,false
53037,"Kittitas County",53,161,240,49.1,161,142,-11.8,0,98,,89.6,true
48451,"Tom Green County",48,208,239,14.9,206,235,14.1,2,4,100,100,false
28109,"Pearl River County",28,180,237,31.7,180,235,30.6,0,2,,88.2,false
35015,"Eddy County",35,104,233,124,104,141,35.6,0,92,,100,false
28093,"Marshall County",28,254,231,-9.1,223,231,3.6,31,0,-100,100,false
55127,"Walworth County",55,405,226,-44.2,239,226,-5.4,166,0,-100,85,false
39085,"Lake County",39,291,225,-22.7,274,222,-19,17,3,-82.4,100,false
48199,"Hardin County",48,219,225,2.7,219,225,2.7,0,0,,100,false
51061,"Fauquier County",51,179,225,25.7,179,225,25.7,0,0,,100,false
37157,"Rockingham County",37,253,223,-11.9,209,215,2.9,44,8,-81.8,100,false
39129,"Pickaway County",39,175,220,25.7,169,220,30.2,6,0,-100,89.1,false
06069,"San Benito County",06,182,219,20.3,182,219,20.3,0,0,,100,false
29219,"Warren County",29,235,219,-6.8,169,200,18.3,66,19,-71.2,94.5,false
45055,"Kershaw County",45,349,217,-37.8,305,217,-28.9,44,0,-100,98.2,false
47003,"Bedford County",47,211,214,1.4,209,214,2.4,2,0,-100,100,false
29047,"Clay County",29,223,213,-4.5,135,185,37,88,28,-68.2,98.1,false
13217,"Newton County",13,443,212,-52.1,443,201,-54.6,0,11,,92.5,false
04023,"Santa Cruz County",04,213,211,-0.9,213,209,-1.9,0,2,,99.5,false
48231,"Hunt County",48,262,209,-20.2,236,195,-17.4,26,14,-46.2,92.8,false
19163,"Scott County",19,187,207,10.7,151,196,29.8,36,11,-69.4,97.6,false
47145,"Roane County",47,218,206,-5.5,218,204,-6.4,0,2,,99.5,false
01095,"Marshall County",01,102,205,101,102,167,63.7,0,38,,100,false
37195,"Wilson County",37,263,203,-22.8,215,193,-10.2,48,10,-79.2,100,false
53009,"Clallam County",53,215,203,-5.6,183,178,-2.7,32,25,-21.9,87.2,false
41071,"Yamhill County",41,134,201,50,129,149,15.5,5,52,940,97.5,false
51095,"James City County",51,162,201,24.1,146,201,37.7,16,0,-100,100,false
39109,"Miami County",39,183,200,9.3,161,180,11.8,22,20,-9.1,100,false
51109,"Louisa County",51,253,199,-21.3,253,199,-21.3,0,0,,100,false
51820,"Waynesboro (Independent City)",51,114,199,74.6,112,195,74.1,2,4,100,100,false
37055,"Dare County",37,179,197,10.1,179,197,10.1,0,0,,87.8,false
49043,"Summit County",49,378,196,-48.1,158,173,9.5,220,23,-89.5,82.7,false
16051,"Jefferson County",16,188,195,3.7,188,190,1.1,0,5,,97.4,false
21213,"Simpson County",21,291,195,-33,105,108,2.9,186,87,-53.2,86.2,false
08039,"Elbert County",08,220,193,-12.3,196,193,-1.5,24,0,-100,100,false
39095,"Lucas County",39,176,193,9.7,176,191,8.5,0,2,,89.6,false
44009,"Washington County",44,154,193,25.3,138,130,-5.8,16,63,293.8,85.5,true
46081,"Lawrence County",46,153,193,26.1,116,187,61.2,37,6,-83.8,98.4,false
18085,"Kosciusko County",18,145,192,32.4,141,177,25.5,4,15,275,99.5,false
51093,"Isle of Wight County",51,159,189,18.9,133,189,42.1,26,0,-100,100,false
13227,"Pickens County",13,174,188,8,174,188,8,0,0,,96.8,false
18105,"Monroe County",18,772,187,-75.8,111,162,45.9,661,25,-96.2,100,false
19181,"Warren County",19,197,187,-5.1,197,187,-5.1,0,0,,96.3,false
21113,"Jessamine County",21,336,187,-44.3,330,187,-43.3,6,0,-100,100,false
13295,"Walker County",13,222,184,-17.1,219,178,-18.7,3,6,100,97.8,false
22113,"Vermilion Parish",22,161,184,14.3,161,184,14.3,0,0,,95.7,false
29113,"Lincoln County",29,157,183,16.6,47,46,-2.1,110,137,24.5,89.6,true
47089,"Jefferson County",47,202,183,-9.4,202,162,-19.8,0,21,,96.7,false
06055,"Napa County",06,166,182,9.6,160,167,4.4,6,15,150,87.9,false
27141,"Sherburne County",27,167,180,7.8,167,178,6.6,0,2,,91.1,false
38015,"Burleigh County",38,175,180,2.9,159,131,-17.6,16,49,206.3,88.9,true
55063,"La Crosse County",55,221,180,-18.6,129,172,33.3,92,8,-91.3,86.1,false
51680,"Lynchburg (Independent City)",51,151,179,18.5,127,179,40.9,24,0,-100,100,false
40013,"Bryan County",40,127,178,40.2,89,25,-71.9,38,153,302.6,100,true
48473,"Waller County",48,233,178,-23.6,233,178,-23.6,0,0,,80.3,false
51047,"Culpeper County",51,273,177,-35.2,273,173,-36.6,0,4,,100,false
09120,"Greater Bridgeport Planning Region",09,315,175,-44.4,59,40,-32.2,256,135,-47.3,100,false
45031,"Darlington County",45,104,171,64.4,93,164,76.3,11,7,-36.4,88.9,false
53041,"Lewis County",53,276,168,-39.1,234,157,-32.9,42,11,-73.8,100,false
21209,"Scott County",21,253,167,-34,223,152,-31.8,30,15,-50,100,false
06023,"Humboldt County",06,212,164,-22.6,92,90,-2.2,120,74,-38.3,91.5,false
16075,"Payette County",16,102,164,60.8,98,121,23.5,4,43,975,100,false
21211,"Shelby County",21,159,164,3.1,159,164,3.1,0,0,,100,false
47059,"Greene County",47,180,164,-8.9,180,164,-8.9,0,0,,99.4,false
01031,"Coffee County",01,122,163,33.6,122,163,33.6,0,0,,89,false
24027,"Howard County",24,617,163,-73.6,224,163,-27.2,393,0,-100,100,false
46033,"Custer County",46,151,163,7.9,149,163,9.4,2,0,-100,95.1,false
08107,"Routt County",08,147,161,9.5,108,89,-17.6,39,72,84.6,100,true
37099,"Jackson County",37,133,159,19.5,133,159,19.5,0,0,,100,false
24015,"Cecil County",24,102,158,54.9,102,110,7.8,0,48,,100,false
39133,"Portage County",39,124,158,27.4,104,153,47.1,20,5,-75,92.4,false
53015,"Cowlitz County",53,161,158,-1.9,153,148,-3.3,8,10,25,86.1,false
12133,"Washington County",12,124,157,26.6,124,157,26.6,0,0,,100,false
22017,"Caddo Parish",22,119,154,29.4,119,154,29.4,0,0,,98.1,false
22057,"Lafourche Parish",22,212,153,-27.8,196,149,-24,16,4,-75,96.7,false
22109,"Terrebonne Parish",22,158,153,-3.2,158,153,-3.2,0,0,,100,false
01077,"Lauderdale County",01,177,152,-14.1,70,84,20,107,68,-36.4,92.8,false
08085,"Montrose County",08,138,152,10.1,128,138,7.8,10,14,40,100,false
21185,"Oldham County",21,162,152,-6.2,162,152,-6.2,0,0,,100,false
37161,"Rutherford County",37,171,152,-11.1,123,136,10.6,48,16,-66.7,100,false
48221,"Hood County",48,177,152,-14.1,177,152,-14.1,0,0,,93.4,false
48245,"Jefferson County",48,213,152,-28.6,202,143,-29.2,11,9,-18.2,95.4,false
01043,"Cullman County",01,103,151,46.6,103,151,46.6,0,0,,93.4,false
37171,"Surry County",37,152,149,-2,150,149,-0.7,2,0,-100,100,false
51033,"Caroline County",51,117,149,27.4,117,149,27.4,0,0,,100,false
41043,"Linn County",41,101,148,46.5,86,120,39.5,15,28,86.7,99.3,false
45023,"Chester County",45,191,148,-22.5,191,148,-22.5,0,0,,100,false
19169,"Story County",19,136,146,7.4,86,121,40.7,50,25,-50,89.7,false
29165,"Platte County",29,356,146,-59,159,146,-8.2,197,0,-100,89,false
39023,"Clark County",39,164,145,-11.6,126,142,12.7,38,3,-92.1,100,false
45001,"Abbeville County",45,100,145,45,100,90,-10,0,55,,100,true
53027,"Grays Harbor County",53,148,145,-2,143,137,-4.2,5,8,60,90.3,false
18145,"Shelby County",18,127,144,13.4,127,144,13.4,0,0,,96.5,false
18173,"Warrick County",18,128,143,11.7,107,117,9.3,21,26,23.8,94.4,false
51015,"Augusta County",51,387,143,-63,140,143,2.1,247,0,-100,100,false
17167,"Sangamon County",17,109,142,30.3,93,122,31.2,16,20,25,90.8,false
39169,"Wayne County",39,142,142,0,140,139,-0.7,2,3,50,100,false
41041,"Lincoln County",41,101,142,40.6,73,70,-4.1,28,72,157.1,99.3,true
55015,"Calumet County",55,133,142,6.8,115,134,16.5,18,8,-55.6,83.8,false
01001,"Autauga County",01,134,141,5.2,134,141,5.2,0,0,,100,false
05145,"White County",05,147,140,-4.8,147,138,-6.1,0,2,,92.9,false
17201,"Winnebago County",17,107,140,30.8,107,128,19.6,0,12,,99.3,false
21163,"Meade County",21,104,140,34.6,104,138,32.7,0,2,,100,false
51079,"Greene County",51,155,140,-9.7,130,102,-21.5,25,38,52,100,false
13187,"Lumpkin County",13,167,139,-16.8,167,139,-16.8,0,0,,100,false
12023,"Columbia County",12,110,138,25.5,104,135,29.8,6,3,-50,89.1,false
02122,"Kenai Peninsula Borough",02,126,137,8.7,103,76,-26.2,23,61,165.2,99.3,true
51137,"Orange County",51,213,137,-35.7,213,137,-35.7,0,0,,100,false
51740,"Portsmouth (Independent City)",51,149,137,-8.1,95,59,-37.9,54,78,44.4,100,false
26117,"Montcalm County",26,138,136,-1.4,129,130,0.8,9,6,-33.3,100,false
27027,"Clay County",27,197,135,-31.5,85,87,2.4,112,48,-57.1,100,false
55017,"Chippewa County",55,117,134,14.5,105,110,4.8,12,24,100,99.3,false
55125,"Vilas County",55,146,134,-8.2,146,134,-8.2,0,0,,91.8,false
56023,"Lincoln County",56,140,134,-4.3,134,116,-13.4,6,18,200,91,false
16039,"Elmore County",16,118,132,11.9,118,132,11.9,0,0,,89.4,false
27001,"Aitkin County",27,103,131,27.2,103,109,5.8,0,22,,80.9,false
47123,"Monroe County",47,109,131,20.2,99,127,28.3,10,4,-60,95.4,false
49039,"Sanpete County",49,152,130,-14.5,116,98,-15.5,36,32,-11.1,100,false
37039,"Cherokee County",37,143,129,-9.8,143,129,-9.8,0,0,,100,false
55097,"Portage County",55,123,128,4.1,79,104,31.6,44,24,-45.5,86.7,false
12039,"Gadsden County",12,108,127,17.6,32,33,3.1,76,94,23.7,82.7,false
24047,"Worcester County",24,162,127,-21.6,162,118,-27.2,0,9,,96.1,false
37113,"Macon County",37,168,127,-24.4,156,127,-18.6,12,0,-100,100,false
06057,"Nevada County",06,119,126,5.9,119,126,5.9,0,0,,92.9,false
08067,"La Plata County",08,275,125,-54.5,103,112,8.7,172,13,-92.4,95.2,false
21179,"Nelson County",21,112,125,11.6,112,109,-2.7,0,16,,100,true
24035,"Queen Anne County",24,199,125,-37.2,199,95,-52.3,0,30,,91.2,false
05089,"Marion County",05,106,124,17,106,124,17,0,0,,99.2,false
48013,"Atascosa County",48,164,124,-24.4,164,116,-29.3,0,8,,100,false
48321,"Matagorda County",48,203,124,-38.9,159,124,-22,44,0,-100,96,false
13291,"Union County",13,156,122,-21.8,156,122,-21.8,0,0,,100,false
29209,"Stone County",29,119,122,2.5,119,110,-7.6,0,12,,89.3,true
37009,"Ashe County",37,114,122,7,114,122,7,0,0,,84.4,false
31155,"Saunders County",31,135,121,-10.4,62,61,-1.6,73,60,-17.8,97.5,false
24037,"St. Marys County",24,174,120,-31,161,91,-43.5,13,29,123.1,100,false
48183,"Gregg County",48,128,120,-6.3,120,106,-11.7,8,14,75,88.3,false
21059,"Daviess County",21,178,118,-33.7,112,110,-1.8,66,8,-87.9,100,false
16069,"Nez Perce County",16,230,116,-49.6,80,82,2.5,150,34,-77.3,90.5,false
24041,"Talbot County",24,155,116,-25.2,155,116,-25.2,0,0,,100,false
24043,"Washington County",24,269,116,-56.9,109,116,6.4,160,0,-100,100,false
45037,"Edgefield County",45,122,116,-4.9,114,112,-1.8,8,4,-50,100,false
51031,"Campbell County",51,233,116,-50.2,147,102,-30.6,86,14,-83.7,100,false
51171,"Shenandoah County",51,130,116,-10.8,130,116,-10.8,0,0,,100,false
55055,"Jefferson County",55,338,116,-65.7,102,82,-19.6,236,34,-85.6,92.2,false
51127,"New Kent County",51,213,114,-46.5,213,114,-46.5,0,0,,100,false
55083,"Oconto County",55,100,114,14,76,98,28.9,24,16,-33.3,82.5,false
51540,"Charlottesville (Independent City)",51,886,112,-87.4,50,9,-82,836,103,-87.7,100,false
51065,"Fluvanna County",51,118,111,-5.9,118,111,-5.9,0,0,,100,false
53065,"Stevens County",53,115,111,-3.5,115,109,-5.2,0,2,,96.4,false
39099,"Mahoning County",39,102,110,7.8,94,108,14.9,8,2,-75,100,false
51660,"Harrisonburg (Independent City)",51,161,109,-32.3,55,8,-85.5,106,101,-4.7,100,false
16057,"Latah County",16,126,108,-14.3,88,94,6.8,38,14,-63.2,100,false
08014,"Broomfield County",08,594,107,-82,53,58,9.4,541,49,-90.9,100,false
53045,"Mason County",53,127,106,-16.5,125,106,-15.2,2,0,-100,100,false
08015,"Chaffee County",08,112,103,-8,104,101,-2.9,8,2,-75,100,false
16011,"Bingham County",16,125,103,-17.6,121,103,-14.9,4,0,-100,100,false
32005,"Douglas County",32,206,102,-50.5,206,63,-69.4,0,39,,100,false
41019,"Douglas County",41,117,102,-12.8,105,94,-10.5,12,8,-33.3,100,false
06089,"Shasta County",06,204,101,-50.5,199,87,-56.3,5,14,180,97,false
39055,"Geauga County",39,100,101,1,100,101,1,0,0,,100,false
41033,"Josephine County",41,165,101,-38.8,98,86,-12.2,67,15,-77.6,82.2,false
47021,"Cheatham County",47,153,100,-34.6,153,100,-34.6,0,0,,88,false
55113,"Sawyer County",55,127,100,-21.3,105,100,-4.8,22,0,-100,100,false
