zip,state,county,decisions,demolished,raised,first_fy,last_fy
77040,Texas,Harris,279,268,11,2001,2019
50613,Iowa,Black Hawk,183,183,0,1999,2020
28501,North Carolina,Lenoir,181,181,0,1999,2018
70072,Louisiana,Jefferson,176,0,176,2003,2024
78840,Texas,Val Verde,154,154,0,1998,2010
70003,Louisiana,Jackson,153,0,153,2003,2024
07470,New Jersey,Passaic,153,153,0,2004,2023
40211,Kentucky,Jefferson,149,149,0,2007,2011
77088,Texas,Harris,146,132,14,2001,2024
27530,North Carolina,Wayne,143,143,0,1999,2024
77546,Texas,Galveston,139,127,12,2001,2019
78744,Texas,Travis,137,137,0,2005,2014
77032,Texas,Harris,134,134,0,2001,2017
77038,Texas,Harris,118,118,0,2001,2022
66749,Kansas,Allen,117,117,0,2007,2007
70458,Louisiana,St. Tammany,113,16,97,1998,2022
53168,Wisconsin,Kenosha,112,112,0,1999,2019
77705,Texas,Jeff Davis,106,106,0,2008,2017
13421,New York,Oneida,105,105,0,2011,2011
61115,Illinois,Winnebago,101,101,0,2007,2020
70067,Louisiana,Jefferson,101,0,101,2005,2022
77039,Texas,Harris,100,100,0,2001,2017
70726,Louisiana,,100,45,55,2003,2022
46733,Indiana,Adams,99,99,0,1997,2020
50401,Iowa,Cerro Gordo,97,97,0,2004,2013
42240,Kentucky,Christian,96,93,3,2000,2020
77581,Texas,Brazoria,95,94,1,2001,2017
98065,Washington,King,94,13,81,1997,2014
46151,Indiana,Morgan,93,93,0,2008,2018
17815,Pennsylvania,Columbia,93,91,2,2006,2022
70123,Louisiana,Jefferson,92,0,92,2003,2022
70460,Louisiana,St. Tammany,92,19,73,2000,2022
70462,Louisiana,,91,18,73,2003,2022
08008,New Jersey,,90,1,89,1997,2016
50317,Iowa,Polk,90,90,0,2008,2018
38301,Tennessee,Madison,90,90,0,2003,2003
34668,Florida,Pasco,89,2,87,1996,2025
70056,Louisiana,Jefferson,88,1,87,2003,2021
28530,North Carolina,Pitt,87,86,1,1999,2018
67301,Kansas,Montgomery,87,87,0,2007,2007
73750,Oklahoma,Kingfisher,86,86,0,2001,2010
77013,Texas,Harris,85,85,0,2001,2017
70344,Louisiana,Terrebonne,83,10,73,2003,2021
50677,Iowa,Bremer,83,83,0,1997,2008
46802,Indiana,Allen,82,82,0,1997,2020
70363,Louisiana,Terrebonne,81,11,70,2003,2022
73141,Oklahoma,Oklahoma,81,81,0,2006,2017
36323,Alabama,Coffee,81,81,0,2016,2016
53538,Wisconsin,Jefferson,80,80,0,1998,2019
60016,Illinois,Cook,80,74,6,2007,2017
63638,Missouri,Reynolds,80,80,0,2002,2007
10306,New York,Richmond,80,80,0,2011,2013
08835,New Jersey,Somerset,79,70,9,1999,2022
70065,Louisiana,Jefferson,78,0,78,2003,2024
77093,Texas,Harris,76,76,0,2001,2017
97064,Oregon,Columbia,76,32,44,2008,2009
29526,South Carolina,Horry,75,70,5,1999,2018
23072,Virginia,Gloucester,75,22,53,2003,2019
27886,North Carolina,Edgecombe,75,56,19,1999,2024
27858,North Carolina,Pitt,73,73,0,1999,2011
70377,Louisiana,Terrebonne,70,16,54,2003,2021
70058,Louisiana,Jefferson,69,0,69,2003,2024
46131,Indiana,Johnson,68,68,0,2008,2008
27893,North Carolina,Wilson,67,67,0,1999,2025
70461,Louisiana,St. Tammany,66,26,40,2003,2022
77022,Texas,Harris,66,60,6,2001,2019
27889,North Carolina,Beaufort,66,20,46,1999,2024
13838,New York,Delaware,66,61,5,2006,2011
52405,Iowa,Linn,66,66,0,2008,2008
77554,Texas,Galveston,64,51,13,2003,2019
77617,Texas,Galveston,64,64,0,2008,2008
37209,Tennessee,Davidson,64,64,0,2010,2011
45840,Ohio,Hancock,63,63,0,2006,2020
13790,New York,Broome,63,63,0,2006,2011
27810,North Carolina,Beaufort,61,4,57,1999,2024
17057,Pennsylvania,Dauphin,61,61,0,2003,2021
58104,North Dakota,Cass,61,61,0,2009,2020
45875,Ohio,Putnam,61,61,0,2006,2019
45238,Ohio,Hamilton,61,61,0,2001,2019
13760,New York,Broome,61,61,0,2005,2011
77614,Texas,Newton,61,61,0,2008,2016
77396,Texas,Harris,60,60,0,2001,2017
70449,Louisiana,,60,19,41,2003,2022
51012,Iowa,Cherokee,59,59,0,2013,2024
70040,Louisiana,Plaquemines,58,2,56,2005,2021
33708,Florida,Pinellas,58,1,57,1996,2025
28358,North Carolina,Robeson,57,49,8,2017,2024
98223,Washington,Snohomish,56,48,8,2001,2022
77089,Texas,Harris,56,49,7,2001,2024
63957,Missouri,Wayne,56,56,0,1997,2008
39562,Mississippi,Jackson,56,55,1,2003,2022
06824,Connecticut,Fairfield,56,1,55,2012,2021
70036,Louisiana,,55,0,55,2005,2022
11757,New York,Suffolk,55,35,20,1999,2023
07035,New Jersey,Morris,55,48,7,2001,2023
13850,New York,Broome,55,54,1,2006,2011
61104,Illinois,Winnebago,55,55,0,2007,2008
51246,Iowa,Lyon,55,55,0,2014,2024
40059,Kentucky,Oldham,54,26,28,2008,2021
70605,Louisiana,Calcasieu,54,22,32,2005,2020
17701,Pennsylvania,Lycoming,54,54,0,2000,2019
27803,North Carolina,Nash,54,54,0,1999,1999
25177,West Virginia,Kanawha,52,52,0,2013,2025
37218,Tennessee,Davidson,52,52,0,2010,2020
27801,North Carolina,Nash,52,52,0,1999,2008
18640,Pennsylvania,Luzerne,52,52,0,2011,2011
39180,Mississippi,Warren,51,51,0,1997,2011
63069,Missouri,Franklin,51,51,0,2007,2017
51640,Iowa,Fremont,50,50,0,2019,2019
77074,Texas,Harris,49,31,18,2008,2019
77505,Texas,Harris,48,48,0,1999,2017
70001,Louisiana,Jefferson,48,0,48,2003,2021
02066,Massachusetts,Plymouth,48,1,47,1997,2023
77015,Texas,Harris,48,47,1,2001,2018
44875,Ohio,Richland,48,48,0,2005,2012
18655,Pennsylvania,Luzerne,48,48,0,2010,2011
37115,Tennessee,Davidson,48,48,0,2010,2015
62969,Illinois,Alexander,48,48,0,2010,2010
77037,Texas,Harris,47,44,3,2001,2019
70006,Louisiana,,47,0,47,2005,2024
44125,Ohio,Cuyahoga,47,19,28,2006,2019
58325,North Dakota,Benson,47,47,0,1999,1999
24801,West Virginia,,46,46,0,2001,2025
37211,Tennessee,Davidson,46,46,0,1999,2021
28504,North Carolina,Lenoir,46,46,0,1999,2018
50701,Iowa,Black Hawk,46,46,0,2005,2017
51561,Iowa,Fremont,46,46,0,2019,2019
08260,New Jersey,Cape May,45,0,45,2013,2021
63901,Missouri,Butler,45,45,0,2002,2007
27802,North Carolina,Edgecombe,45,45,0,1999,1999
27834,North Carolina,Pitt,45,45,0,1999,2017
13903,New York,Broome,45,44,1,2005,2011
06880,Connecticut,Fairfield,44,3,41,1997,2015
77080,Texas,Harris,44,37,7,2003,2019
47201,Indiana,Bartholomew,44,44,0,2008,2008
10305,New York,Richmond,44,44,0,2011,2013
70433,Louisiana,St. Tammany,43,2,41,1998,2022
70607,Louisiana,Calcasieu,43,6,37,2004,2020
48125,Michigan,Wayne,42,42,0,2014,2023
70448,Louisiana,St. Tammany,42,5,37,1997,2021
70053,Louisiana,Jefferson,42,0,42,1999,2021
77090,Texas,Harris,41,41,0,2001,2017
19067,Pennsylvania,Bucks,41,8,33,2004,2019
70125,Louisiana,Orleans,41,0,41,2001,2022
08203,New Jersey,Atlantic,41,0,41,2013,2019
81050,Colorado,Otero,41,41,0,1999,1999
78022,Texas,Live Oak,41,41,0,2002,2006
07054,New Jersey,Morris,41,20,21,2011,2011
70364,Louisiana,Terrebonne,40,9,31,2001,2021
08050,New Jersey,Ocean,40,0,40,2000,2016
27960,North Carolina,Hyde,40,0,40,2017,2025
52801,Iowa,Scott,40,40,0,2001,2001
52246,Iowa,Johnson,40,40,0,2008,2020
80540,Colorado,Boulder,40,38,2,2013,2013
43512,Ohio,Defiance,39,39,0,2006,2020
34652,Florida,Pasco,39,9,30,1998,2025
63645,Missouri,Madison,39,39,0,1999,2002
77060,Texas,Harris,38,38,0,2001,2017
70353,Louisiana,Terrebonne,38,11,27,2003,2021
70083,Louisiana,Plaquemines,38,0,38,2005,2021
70445,Louisiana,St. Tammany,38,5,33,2003,2022
28716,North Carolina,Haywood,38,35,3,2003,2024
07424,New Jersey,Passaic,38,27,11,2009,2023
07440,New Jersey,Morris,38,16,22,2011,2019
50644,Iowa,Buchanan,38,38,0,1999,2004
13748,New York,Broome,38,38,0,2005,2011
28425,North Carolina,Pender,37,29,8,1999,2024
71037,Louisiana,Bossier,37,34,3,1998,2017
70814,Louisiana,E. Baton Rouge,37,32,5,2003,2022
77650,Texas,Galveston,37,32,5,2008,2015
28578,North Carolina,Wayne,37,37,0,1999,2024
27804,North Carolina,Nash,37,37,0,1999,2017
54631,Wisconsin,Crawford,37,31,6,2007,2012
53959,Wisconsin,Sauk,37,37,0,2008,2020
27983,North Carolina,Bertie,36,30,6,1999,2024
67357,Kansas,Labette,36,36,0,1999,2003
77092,Texas,Harris,36,34,2,2001,2017
70510,Louisiana,Vermilion,36,14,22,2005,2019
77611,Texas,Orange,36,35,1,2001,2019
46143,Indiana,Johnson,36,36,0,2008,2018
70397,Louisiana,Terrebonne,35,2,33,2003,2021
28515,North Carolina,Pamlico,35,13,22,2003,2024
40213,Kentucky,Jefferson,35,35,0,2010,2019
08226,New Jersey,Cape May,35,0,35,2003,2021
31406,Georgia,Chatham,35,31,4,1999,2024
28721,North Carolina,Haywood,35,31,4,2003,2024
11901,New York,,35,27,8,1998,2013
52040,Iowa,Dubuque,35,35,0,1999,2022
77535,Texas,Liberty,35,35,0,2001,2001
44820,Ohio,Crawford,35,35,0,2003,2020
00669,Puerto Rico,Lares,35,35,0,2004,2004
44215,Ohio,Medina,34,34,0,2001,2003
07004,New Jersey,Essex,34,22,12,2005,2023
52722,Iowa,Scott,34,34,0,2015,2020
74066,Oklahoma,Creek,34,34,0,2001,2001
35206,Alabama,Jefferson,34,34,0,2003,2005
63935,Missouri,Ripley,34,34,0,2007,2017
51526,Iowa,Pottawattamie,34,34,0,2011,2019
34667,Florida,Pasco,33,2,31,1999,2025
40218,Kentucky,Jefferson,33,33,0,2011,2021
41501,Kentucky,,33,33,0,2009,2025
41339,Kentucky,,33,33,0,2022,2022
63130,Missouri,St. Louis,33,33,0,2004,2022
07442,New Jersey,Passaic,33,23,10,2010,2023
78130,Texas,Guadalupe,33,32,1,1999,2016
18657,Pennsylvania,Wyoming,33,33,0,2003,2017
70043,Louisiana,St. Bernard,33,2,31,2005,2012
70094,Louisiana,Jefferson,32,0,32,2003,2024
77539,Texas,Galveston,32,0,32,2008,2019
70663,Louisiana,Calcasieu,32,16,16,2002,2020
19040,Pennsylvania,Montgomery,32,32,0,2001,2021
27885,North Carolina,Hyde,32,7,25,1999,2025
24868,West Virginia,,32,32,0,2001,2025
06460,Connecticut,New Haven,32,1,31,1999,2014
70454,Louisiana,Tangipahoa,32,12,20,2008,2022
37214,Tennessee,Davidson,32,32,0,2010,2019
45014,Ohio,Butler,32,32,0,2000,2009
13827,New York,Tioga,32,22,10,2011,2022
77429,Texas,Harris,31,31,0,1997,2017
77338,Texas,Harris,31,30,1,2001,2017
70358,Louisiana,De Soto,31,0,31,2005,2021
27824,North Carolina,Hyde,31,3,28,2003,2025
00000,Nebraska,,31,11,20,1997,2020
70769,Louisiana,Ascension,31,10,21,2000,2022
70533,Louisiana,Vermilion,31,11,20,2005,2019
74008,Oklahoma,Tulsa,31,31,0,2002,2008
25045,West Virginia,Kanawha,31,30,1,2003,2017
16037,Pennsylvania,Butler,31,31,0,2003,2004
99741,Alaska,Yukon-Koyukuk (CA),31,0,31,2013,2013
70645,Louisiana,,30,0,30,2005,2020
70301,Louisiana,Lafourche,30,12,18,2001,2022
28472,North Carolina,Columbus,30,29,1,1999,2024
28560,North Carolina,Craven,30,6,24,1999,2024
27915,North Carolina,Dare,30,0,30,2002,2024
32174,Florida,Volusia,30,8,22,2001,2025
57273,South Dakota,Day,30,30,0,2001,2019
52349,Iowa,Benton,30,30,0,2004,2018
28428,North Carolina,New Hanover,30,2,28,1999,2024
44720,Ohio,Stark,30,30,0,2012,2018
98531,Washington,Lewis,30,2,28,2001,2018
74701,Oklahoma,Bryan,30,30,0,2001,2006
24870,West Virginia,Wyoming,30,30,0,2001,2008
68064,Nebraska,Douglas,30,30,0,2007,2019
23662,Virginia,Poquoson (city),29,3,26,2003,2014
77096,Texas,Harris,29,6,23,2001,2019
77565,Texas,Galveston,29,0,29,2008,2019
40219,Kentucky,Jefferson,29,29,0,2001,2018
70611,Louisiana,Calcasieu,29,9,20,2001,2020
24860,West Virginia,Wyoming,29,29,0,2001,2025
32210,Florida,Duval,29,26,3,1998,2019
70115,Louisiana,Orleans,29,0,29,2001,2019
74354,Oklahoma,,29,29,0,2001,2019
53170,Wisconsin,Kenosha,29,29,0,2000,2019
08865,New Jersey,Warren,29,24,5,2004,2020
78676,Texas,Hays,29,28,1,1999,2015
46714,Indiana,Wells,29,29,0,2002,2016
66757,Kansas,Wilson,29,29,0,2007,2007
78566,Texas,Cameron,29,29,0,2003,2003
77078,Texas,Harris,28,26,2,2001,2019
70005,Louisiana,Jefferson,28,0,28,2003,2019
75932,Texas,Newton,28,28,0,2005,2016
28562,North Carolina,Craven,28,6,22,1999,2024
70615,Louisiana,Calcasieu,28,7,21,2002,2022
32533,Florida,Escambia,28,28,0,2001,2020
77571,Texas,Harris,28,28,0,2008,2017
13732,New York,Tioga,28,25,3,2009,2015
31763,Georgia,Lee,28,28,0,2000,2017
77304,Texas,Montgomery,28,28,0,1999,2023
41017,Kentucky,Kenton,28,28,0,2009,2010
49321,Michigan,,27,27,0,2004,2020
77632,Texas,Orange,27,25,2,2013,2019
28552,North Carolina,Pamlico,27,12,15,2003,2024
15425,Pennsylvania,Fayette,27,27,0,2016,2021
41701,Kentucky,,27,27,0,2022,2025
21539,Maryland,,27,27,0,1999,2006
77339,Texas,Harris,27,23,4,2001,2019
70118,Louisiana,Orleans,27,0,27,2005,2022
70507,Louisiana,Lafayette,27,22,5,2003,2021
78745,Texas,Travis,27,27,0,1999,2008
46901,Indiana,Howard,27,27,0,2003,2008
43906,Ohio,Belmont,27,27,0,2004,2004
15116,Pennsylvania,Allegheny,27,27,0,2004,2005
53588,Wisconsin,Sauk,27,27,0,2008,2008
70062,Louisiana,Jefferson,26,0,26,2003,2024
77025,Texas,Harris,26,13,13,2001,2024
77026,Texas,Harris,26,17,9,2001,2019
19426,Pennsylvania,Montgomery,26,26,0,1999,2020
30127,Georgia,Cobb,26,26,0,2004,2021
41858,Kentucky,,26,26,0,2022,2025
32127,Florida,Volusia,26,18,8,2004,2023
30106,Georgia,Cobb,26,26,0,2004,2019
24153,Virginia,,26,26,0,1999,2019
03275,New Hampshire,Merrimack,26,26,0,2008,2011
07016,New Jersey,Union,26,0,26,2011,2020
08406,New Jersey,Atlantic,26,0,26,2013,2019
18634,Pennsylvania,Luzerne,26,26,0,2006,2017
64746,Missouri,Cass,26,26,0,2003,2003
58351,North Dakota,Benson,26,26,0,1999,2009
17003,Pennsylvania,Lebanon,26,26,0,2011,2011
61025,Illinois,,25,25,0,1999,2002
70592,Louisiana,Lafayette,25,13,12,2003,2021
60532,Illinois,DuPage,25,25,0,2008,2024
63301,Missouri,St. Charles,25,21,4,1997,2023
02891,Rhode Island,Washington,25,0,25,2013,2015
70520,Louisiana,Lafayette,25,15,10,2003,2021
58072,North Dakota,Barnes,25,25,0,2001,2011
63764,Missouri,Bollinger,25,25,0,2002,2008
52044,Iowa,Clayton,25,25,0,2004,2004
52043,Iowa,Clayton,25,25,0,2004,2008
52403,Iowa,Linn,25,25,0,2008,2018
47448,Indiana,Brown,25,25,0,2008,2008
30753,Georgia,Chattooga,25,25,0,2009,2016
68123,Nebraska,Sarpy,25,25,0,2011,2011
13357,New York,Herkimer,25,25,0,2011,2011
23320,Virginia,Chesapeake (city),24,24,0,2008,2019
23417,Virginia,Accomack,24,1,23,1999,2020
70665,Louisiana,Calcasieu,24,7,17,2005,2020
39402,Mississippi,Lamar,24,24,0,2003,2021
70818,Louisiana,E. Baton Rouge,24,19,5,1999,2022
77070,Texas,Harris,24,24,0,2001,2017
50670,Iowa,Black Hawk,24,24,0,1999,2017
23503,Virginia,Norfolk (city),24,0,24,2000,2018
37207,Tennessee,Davidson,24,24,0,2005,2020
25312,West Virginia,Kanawha,24,24,0,2000,2018
73006,Oklahoma,Caddo,24,24,0,2001,2001
07045,Louisiana,St. Tammany,24,4,20,2001,2001
28805,North Carolina,Buncombe,24,21,3,2004,2024
46016,Indiana,Madison,24,24,0,2007,2008
52653,Iowa,Louisa,24,24,0,2008,2008
47885,Indiana,Vigo,24,24,0,2008,2008
53961,Wisconsin,Sauk,24,24,0,2008,2019
37204,Tennessee,Davidson,24,24,0,2010,2010
70733,Louisiana,,23,14,9,2003,2018
70785,Louisiana,,23,10,13,2003,2021
28466,North Carolina,Duplin,23,21,2,1999,2018
70601,Louisiana,Calcasieu,23,2,21,2003,2020
08247,New Jersey,Cape May,23,0,23,2013,2021
05667,Vermont,Washington,23,23,0,2023,2024
25523,West Virginia,Lincoln,23,23,0,2016,2025
34698,Florida,Pinellas,23,1,22,1996,2025
11520,New York,Nassau,23,0,23,1997,2009
63025,Missouri,Jefferson,23,23,0,2000,2017
95446,California,Sonoma,23,0,23,2007,2018
70131,Louisiana,Orleans,23,0,23,2005,2019
25882,West Virginia,Wyoming,23,23,0,2001,2023
74063,Oklahoma,Tulsa,23,23,0,2001,2001
67544,Kansas,Barton,23,23,0,2001,2001
70037,Louisiana,Plaquemines,23,0,23,2005,2012
68128,Nebraska,Sarpy,23,23,0,2007,2007
62707,Illinois,Sangamon,22,22,0,2002,2002
77008,Texas,Harris,22,20,2,2001,2019
31419,Georgia,Chatham,22,21,1,1999,2019
28792,North Carolina,Henderson,22,19,3,2021,2024
36532,Alabama,Baldwin,22,0,22,1997,2020
11758,New York,,22,0,22,1998,2011
32563,Florida,Santa Rosa,22,3,19,2009,2023
52240,Iowa,Johnson,22,22,0,2008,2019
27910,North Carolina,Hertford,22,22,0,1999,2003
45419,Ohio,Montgomery,22,22,0,2003,2003
28778,North Carolina,Buncombe,22,18,4,2004,2024
28714,North Carolina,Yancey,22,22,0,2024,2024
29205,South Carolina,Richland,21,21,0,2016,2017
23440,Virginia,Accomack,21,0,21,1999,2020
33703,Florida,Pinellas,21,1,20,1998,2025
48166,Michigan,Monroe,21,0,21,2001,2019
63010,Missouri,Jefferson,21,21,0,1997,2023
30327,Georgia,DeKalb,21,10,11,2001,2009
07646,New Jersey,Bergen,21,20,1,2007,2020
58047,North Dakota,Cass,21,21,0,2009,2013
23664,Virginia,Hampton (city),21,0,21,2003,2025
23508,Virginia,Norfolk (city),21,0,21,2000,2018
70737,Louisiana,Ascension,21,9,12,2003,2022
35217,Alabama,Jefferson,21,21,0,1999,2004
50660,Iowa,Butler,21,21,0,1999,2008
10992,New York,Orange,21,21,0,1999,2011
74403,Oklahoma,Muskogee,21,21,0,2001,2019
35036,Alabama,Jefferson,21,21,0,2003,2004
15101,Pennsylvania,Allegheny,21,21,0,2004,2004
50636,Iowa,Butler,21,21,0,2008,2017
43223,Ohio,Franklin,21,21,0,2009,2012
62962,Illinois,Alexander,21,21,0,2010,2010
27439,North Carolina,Columbus,21,21,0,2001,2017
44203,Ohio,Summit,21,21,0,2018,2019
28516,North Carolina,Carteret,20,0,20,2003,2024
27875,North Carolina,Hyde,20,4,16,1999,2020
49306,Michigan,,20,17,3,2008,2020
30341,Georgia,DeKalb,20,20,0,2006,2023
05641,Vermont,Washington,20,20,0,2007,2024
70817,Louisiana,E. Baton Rouge,20,14,6,2004,2019
08844,New Jersey,Somerset,20,7,13,2012,2020
98360,Washington,Pierce,20,20,0,2007,2014
08753,New Jersey,Ocean,20,0,20,2013,2014
08721,New Jersey,Ocean,20,4,16,2013,2019
08752,New Jersey,Ocean,20,0,20,2013,2019
07046,Louisiana,St. Tammany,20,6,14,2001,2001
16602,Pennsylvania,Blair,20,20,0,2003,2017
39572,Mississippi,Hancock,20,20,0,2005,2005
46563,Indiana,Marshall,20,20,0,2008,2018
30168,Georgia,Douglas,20,20,0,2009,2009
47834,Indiana,Clay,20,20,0,2008,2011
70447,Louisiana,St. Tammany,19,2,17,2008,2021
28571,North Carolina,Pamlico,19,3,16,2003,2024
28435,North Carolina,Pender,19,12,7,2017,2024
28556,North Carolina,Pamlico,19,6,13,2003,2024
28537,North Carolina,Pamlico,19,9,10,2003,2024
34135,Florida,Lee,19,15,4,1997,2023
70002,Louisiana,,19,0,19,2005,2024
70121,Louisiana,Jefferson,19,0,19,1999,2021
98045,Washington,King,19,5,14,2007,2012
99645,Alaska,Matanuska-Susitna,19,19,0,2014,2016
08402,New Jersey,Atlantic,19,0,19,2013,2019
50616,Iowa,Floyd,19,19,0,1999,2008
40939,Kentucky,Bell,19,19,0,2002,2003
43914,Ohio,Monroe,19,19,0,2004,2004
35401,Alabama,Tuscaloosa,19,19,0,2005,2005
66739,Kansas,Cherokee,19,19,0,2007,2015
52646,Iowa,Louisa,19,19,0,2008,2008
53217,Wisconsin,Milwaukee,19,19,0,2010,2018
70345,Louisiana,Lafourche,18,9,9,2003,2019
46804,Indiana,Allen,18,18,0,2002,2019
60101,Illinois,DuPage,18,18,0,2008,2023
77563,Texas,Galveston,18,0,18,2011,2019
27954,North Carolina,Dare,18,0,18,2003,2024
19015,Pennsylvania,Delaware,18,18,0,1999,2020
70508,Louisiana,Lafayette,18,8,10,2003,2021
08243,New Jersey,Cape May,18,0,18,2013,2021
32168,Florida,Volusia,18,6,12,2001,2025
34607,Florida,Hernando,18,1,17,1999,2025
25306,West Virginia,Kanawha,18,18,0,2004,2024
28215,North Carolina,Mecklenburg,18,17,1,1999,2024
24853,West Virginia,,18,18,0,2001,2025
70047,Louisiana,St. Charles,18,2,16,1998,2022
19023,Pennsylvania,,18,18,0,1999,1999
36528,Alabama,Mobile,18,7,11,2001,2009
70122,Louisiana,Orleans,18,0,18,2001,2022
70126,Louisiana,Orleans,18,1,17,2001,2022
58237,North Dakota,Walsh,18,18,0,1999,2006
95462,California,Sonoma,18,0,18,2007,2015
98290,Washington,Snohomish,18,5,13,2007,2022
40505,Kentucky,Fayette,18,18,0,2008,2014
40383,Kentucky,Woodford,18,18,0,2003,2014
08723,New Jersey,Ocean,18,0,18,2013,2014
70809,Louisiana,E. Baton Rouge,18,13,5,2004,2022
50626,Iowa,Black Hawk,18,18,0,1999,2005
23851,Virginia,Southampton,18,17,1,1999,1999
25071,West Virginia,Kanawha,18,18,0,2000,2017
58078,North Dakota,Cass,18,18,0,2000,2020
07076,Louisiana,Ascension,18,6,12,2001,2003
24293,Virginia,Wise,18,18,0,2002,2016
04221,Maine,Oxford,18,18,0,2003,2007
28657,North Carolina,Avery,18,18,0,2004,2024
26104,West Virginia,Wood,18,18,0,2005,2016
13795,New York,Broome,18,18,0,2006,2011
52720,Iowa,Muscatine,18,18,0,2008,2017
71291,Louisiana,Ouachita,18,18,0,2008,2008
47862,Indiana,Parke,18,18,0,2008,2008
37030,Tennessee,Smith,18,18,0,2010,2010
62821,Illinois,White,18,18,0,2011,2011
08872,Colorado,Costilla,18,13,5,2013,2013
08876,New Jersey,,17,5,12,1997,2020
77301,Texas,Montgomery,17,17,0,2006,2019
77630,Texas,Orange,17,13,4,2001,2019
77028,Texas,Harris,17,13,4,2001,2018
41666,Kentucky,,17,17,0,2018,2025
41630,Kentucky,Floyd,17,17,0,2022,2025
41822,Kentucky,Knott,17,17,0,2022,2025
35207,Alabama,Jefferson,17,17,0,2000,2009
30066,Georgia,Cobb,17,17,0,2001,2011
32207,Florida,Duval,17,17,0,2003,2017
70119,Louisiana,Orleans,17,0,17,2005,2022
48912,Michigan,Ingham,17,17,0,2008,2018
77049,Texas,Harris,17,17,0,2001,2017
98443,Washington,Pierce,17,17,0,2009,2017
28445,North Carolina,Pender,17,4,13,2014,2018
60031,Illinois,Lake,17,17,0,2003,2018
08401,New Jersey,Atlantic,17,0,17,2013,2019
29414,South Carolina,Charleston,17,17,0,2016,2019
08735,New Jersey,Ocean,17,0,17,2013,2017
25958,West Virginia,Greenbrier,17,17,0,2001,2016
77575,Texas,Liberty,17,17,0,2001,2008
07072,Louisiana,Livingston,17,4,13,2001,2001
78028,Texas,Kerr,17,17,0,2002,2002
35214,Alabama,Jefferson,17,17,0,2003,2004
52241,Iowa,Johnson,17,17,0,2008,2008
52324,Iowa,Linn,17,17,0,2008,2008
61611,Illinois,Woodford,17,17,0,2009,2013
46072,Indiana,Tipton,17,17,0,2012,2014
55783,Minnesota,Pine,17,17,0,2012,2013
07760,New Jersey,Monmouth,17,0,17,2010,2013
51247,Iowa,Sioux,17,17,0,2014,2024
29150,South Carolina,Sumter,17,17,0,2016,2016
49417,Michigan,Ottawa,17,17,0,2005,2005
75928,Texas,,16,16,0,2007,2016
46809,Indiana,Allen,16,16,0,2003,2014
70538,Louisiana,St. Mary,16,1,15,2005,2021
70374,Louisiana,Lafourche,16,5,11,2001,2019
70706,Louisiana,,16,6,10,2005,2021
78945,Texas,Fayette,16,16,0,1999,2017
27981,North Carolina,Dare,16,0,16,2003,2024
24301,Virginia,Pulaski,16,16,0,1999,2020
23669,Virginia,Hampton (city),16,0,16,2003,2022
70068,Louisiana,Jefferson,16,5,11,2008,2022
05462,Vermont,Chittenden,16,15,1,2011,2024
28762,North Carolina,McDowell,16,12,4,2024,2024
34242,Florida,,16,1,15,1999,2025
25314,West Virginia,Kanawha,16,16,0,2004,2025
23607,Virginia,,16,16,0,1999,2010
70669,Louisiana,Calcasieu,16,7,9,2003,2020
31404,Georgia,Chatham,16,16,0,2000,2011
95436,California,Sonoma,16,0,16,2007,2015
77058,Texas,Harris,16,1,15,2008,2019
18643,Pennsylvania,Luzerne,16,15,1,2011,2014
28587,North Carolina,Pamlico,16,5,11,2003,2024
08403,New Jersey,Atlantic,16,0,16,2010,2019
75605,Texas,Gregg,16,15,1,2001,2017
27943,North Carolina,Dare,16,0,16,2003,2024
27864,North Carolina,Edgecombe,16,15,1,1999,2024
12122,New York,Schoharie,16,16,0,1999,2011
65775,Missouri,Howell,16,16,0,2002,2017
26261,West Virginia,Nicholas,16,16,0,2004,2016
70032,Louisiana,St. Bernard,16,1,15,2005,2012
63401,Missouri,Marion,16,16,0,2008,2008
06062,Connecticut,Hartford,16,16,0,2011,2013
12455,New York,Delaware,16,13,3,2006,2011
18629,Pennsylvania,Wyoming,16,16,0,2011,2017
08882,New Jersey,Middlesex,16,16,0,2013,2013
08742,New Jersey,Ocean,16,0,16,2013,2013
08087,New Jersey,Ocean,16,0,16,2013,2013
60025,Illinois,Cook,16,16,0,2013,2013
06512,Connecticut,New Haven,15,5,10,1999,2013
29209,South Carolina,,15,15,0,2016,2017
77573,Texas,Galveston,15,1,14,2009,2019
28360,North Carolina,Robeson,15,13,2,2017,2024
49525,Michigan,,15,15,0,2008,2020
08248,New Jersey,Cape May,15,0,15,2013,2021
41348,Kentucky,,15,15,0,2022,2022
05676,Vermont,Washington,15,11,4,2011,2024
05477,Vermont,Chittenden,15,12,3,2011,2023
25320,West Virginia,Kanawha,15,15,0,2000,2025
19709,Delaware,New Castle,15,0,15,2013,2020
07065,New Jersey,,15,15,0,1997,2020
39501,Mississippi,Harrison,15,15,0,1998,2006
97367,Oregon,Lincoln,15,0,15,1999,2012
19804,Delaware,New Castle,15,15,0,2003,2006
37013,Tennessee,Davidson,15,15,0,2004,2010
32444,Florida,Bay,15,3,12,2006,2019
70129,Louisiana,Orleans,15,0,15,2005,2022
41102,Kentucky,Boyd,15,15,0,2002,2020
29662,South Carolina,Greenville,15,13,2,2004,2014
17728,Pennsylvania,Lycoming,15,15,0,2004,2016
98237,Washington,Skagit,15,14,1,2007,2023
27534,North Carolina,Wayne,15,15,0,1999,2017
27577,North Carolina,Johnston,15,13,2,1999,2024
41179,Kentucky,Lewis,15,15,0,2000,2010
63084,Missouri,Franklin,15,15,0,2000,2000
74429,Oklahoma,Wagoner,15,15,0,2001,2001
77023,Texas,Harris,15,15,0,2001,2017
78133,Texas,Comal,15,15,0,2002,2002
25309,West Virginia,Kanawha,15,15,0,2004,2016
00653,Puerto Rico,Guanica,15,15,0,2004,2004
36605,Alabama,Mobile,15,15,0,2004,2005
39183,Mississippi,Warren,15,15,0,2005,2011
30122,Georgia,Douglas,15,15,0,2007,2016
75146,Texas,Dallas,15,15,0,2008,2008
25419,West Virginia,Berkeley,15,15,0,2009,2012
55991,Minnesota,Wabasha,15,15,0,2010,2010
13905,New York,Tioga,15,14,1,2011,2011
12912,New York,Essex,15,15,0,2011,2011
13407,New York,Herkimer,15,15,0,2011,2011
05772,Vermont,Windsor,15,15,0,2011,2011
55795,Minnesota,Pine,15,15,0,2012,2013
07735,New Jersey,Monmouth,15,0,15,2013,2013
25986,West Virginia,Greenbrier,15,15,0,2016,2017
28711,North Carolina,Buncombe,15,12,3,2024,2024
77551,Texas,Galveston,14,0,14,2011,2019
19460,Pennsylvania,Montgomery,14,12,2,2008,2022
27856,North Carolina,Nash,14,14,0,1999,2021
70427,Louisiana,Washington,14,0,14,2005,2021
28752,North Carolina,McDowell,14,12,2,2024,2024
25521,West Virginia,,14,14,0,2006,2025
98014,Washington,King,14,0,14,2000,2014
56241,Minnesota,Chippewa,14,14,0,2001,2001
31405,Georgia,Chatham,14,14,0,2000,2011
76063,Texas,Tarrant,14,14,0,2007,2012
34996,Florida,Martin,14,0,14,2010,2010
70087,Louisiana,St. Charles,14,0,14,2005,2022
23666,Virginia,Hampton (city),14,1,13,2003,2024
23518,Virginia,Norfolk (city),14,0,14,2000,2016
23451,Virginia,Virginia Beach (city),14,0,14,1999,2019
29407,South Carolina,Charleston,14,12,2,2016,2020
45885,Ohio,Auglaize,14,14,0,2018,2018
70528,Louisiana,Iberia,14,10,4,2005,2019
21921,Maryland,Cecil,14,13,1,1999,2020
30904,Georgia,Richmond,14,14,0,2000,2009
35068,Alabama,Jefferson,14,14,0,2000,2004
05655,Minnesota,Norman,14,13,1,2000,2023
23427,Virginia,Accomack,14,3,11,2003,2017
22578,Virginia,Lancaster,14,0,14,2003,2012
16117,Pennsylvania,Beaver,14,14,0,2004,2014
50651,Iowa,Black Hawk,14,14,0,2008,2008
47460,Indiana,Owen,14,14,0,2008,2008
53294,Wisconsin,Vernon,14,14,0,2008,2008
77703,Texas,Jefferson,14,14,0,2008,2017
40210,Kentucky,Jefferson,14,14,0,2009,2009
51501,Iowa,Pottawattamie,14,14,0,2010,2019
11951,New York,Suffolk,14,14,0,2011,2013
13734,New York,Tioga,14,14,0,2011,2011
61062,Illinois,Stephenson,14,14,0,2011,2011
08846,New Jersey,Somerset,14,14,0,2011,2020
17963,Pennsylvania,Schuylkill,14,14,0,2011,2013
28314,North Carolina,Cumberland,14,14,0,2017,2017
57042,South Dakota,Lake,14,14,0,2019,2020
77503,Texas,Harris,13,13,0,2001,2009
67337,Kansas,Montgomery,13,13,0,1999,2007
70360,Louisiana,Terrebonne,13,2,11,2003,2021
46807,Indiana,,13,13,0,2003,2014
30319,Georgia,DeKalb,13,13,0,2005,2017
77035,Texas,Harris,13,3,10,2016,2019
77034,Texas,Harris,13,7,6,2001,2019
32506,Florida,Escambia,13,11,2,2001,2024
70438,Louisiana,Washington,13,0,13,2005,2021
33706,Florida,Pinellas,13,0,13,2000,2025
24879,West Virginia,,13,13,0,2002,2025
58102,North Dakota,Cass,13,13,0,2000,2019
70070,Louisiana,St. Charles,13,1,12,1998,2022
02169,Massachusetts,,13,0,13,2000,2008
33040,Florida,Monroe,13,0,13,2003,2022
70401,Louisiana,Tangipahoa,13,3,10,2003,2022
77016,Texas,Harris,13,12,1,2001,2018
98284,Washington,Skagit,13,10,3,2004,2023
58362,North Dakota,Ramsey,13,13,0,1999,2009
28333,North Carolina,Wayne,13,13,0,1999,2017
17111,Pennsylvania,Dauphin,13,13,0,1999,2011
25637,West Virginia,Logan,13,13,0,2000,2009
25601,West Virginia,Logan,13,13,0,2000,2016
25302,West Virginia,Kanawha,13,13,0,2003,2016
17820,Pennsylvania,Columbia,13,13,0,2004,2011
26155,West Virginia,Wetzel,13,13,0,2004,2007
53929,Wisconsin,Jackson,13,13,0,2008,2019
39817,Georgia,Decatur,13,13,0,2009,2011
62988,Illinois,Alexander,13,11,2,2010,2010
07675,New Jersey,Bergen,13,13,0,2011,2020
19031,Pennsylvania,Montgomery,13,13,0,2011,2011
18615,Pennsylvania,Wyoming,13,13,0,2007,2011
25962,West Virginia,Greenbrier,13,13,0,2012,2016
70639,Louisiana,Vernon,13,13,0,2011,2020
77485,Texas,Fort Bend,13,12,1,2016,2016
24986,West Virginia,Greenbrier,13,10,3,2016,2019
57105,South Dakota,Minnehaha,13,13,0,2019,2019
07081,New Jersey,,12,1,11,1999,2001
77506,Texas,Harris,12,12,0,1999,2017
71112,Louisiana,Bossier,12,12,0,2005,2017
80906,Colorado,El Paso,12,12,0,2013,2017
98295,Washington,Whatcom,12,2,10,2020,2022
41537,Kentucky,,12,12,0,2022,2025
28214,North Carolina,Mecklenburg,12,9,3,2003,2024
19944,Delaware,Sussex,12,0,12,1998,2021
39560,Mississippi,Harrison,12,12,0,2005,2018
39567,Mississippi,Jackson,12,4,8,2003,2006
02910,Rhode Island,Providence,12,12,0,2011,2015
19002,Pennsylvania,Montgomery,12,12,0,2015,2017
77657,Texas,Hardin,12,12,0,2003,2018
77659,Texas,Hardin,12,12,0,2003,2017
70455,Louisiana,Tangipahoa,12,1,11,2001,2022
70714,Louisiana,E. Baton Rouge,12,9,3,2004,2019
98248,Washington,Whatcom,12,8,4,2005,2023
08107,New Jersey,Camden,12,12,0,1999,1999
27822,North Carolina,Wilson,12,12,0,1999,2000
24852,West Virginia,McDowell,12,12,0,2001,2006
77045,Texas,Harris,12,12,0,2001,2017
77327,Texas,Liberty,12,12,0,2001,2001
45227,Ohio,Hamilton,12,12,0,2001,2014
52001,Iowa,Dubuque,12,12,0,2002,2010
58222,North Dakota,Pembina,12,12,0,2004,2013
26070,West Virginia,Brooke,12,12,0,2004,2010
75901,Texas,Angelina,12,12,0,2005,2011
58054,North Dakota,Ransom,12,12,0,2009,2009
23128,Virginia,Mathews,12,2,10,2010,2016
37061,Tennessee,Houston,12,12,0,2010,2022
63745,Missouri,Cape Girardeau,12,12,0,2011,2011
07732,New Jersey,Monmouth,12,0,12,2011,2013
06870,Connecticut,Fairfield,12,0,12,2012,2022
80455,Colorado,Boulder,12,11,1,2013,2013
25704,West Virginia,Wayne,12,12,0,2015,2024
26147,West Virginia,Calhoun,12,10,2,2016,2016
64024,Missouri,Clay,12,12,0,2017,2017
63941,Missouri,Carter,12,12,0,2017,2017
44512,Ohio,Mahoning,12,12,0,2018,2020
28720,North Carolina,Rutherford,12,12,0,2024,2024
35211,Alabama,Jefferson,12,12,0,2003,2007
55912,Minnesota,Mower,11,10,1,2000,2019
34654,Florida,Pasco,11,8,3,1998,2020
77079,Texas,Harris,11,2,9,2001,2019
27953,North Carolina,Dare,11,0,11,2003,2020
70506,Louisiana,Franklin,11,6,5,2003,2021
41653,Kentucky,,11,11,0,2022,2025
05602,Vermont,Washington,11,11,0,2001,2023
34429,Florida,Citrus,11,2,9,1996,2024
70819,Louisiana,,11,4,7,2008,2024
28211,North Carolina,Mecklenburg,11,10,1,2003,2024
34208,Florida,Manatee,11,1,10,1999,2025
33570,Florida,Hillsborough,11,0,11,1998,2025
24818,West Virginia,Wyoming,11,11,0,2004,2025
36580,Alabama,Baldwin,11,0,11,1997,2020
21521,Maryland,,11,11,0,1999,2006
70114,Louisiana,Orleans,11,0,11,2001,2017
32068,Florida,Clay,11,2,9,2003,2018
34292,Florida,Sarasota,11,1,10,2003,2012
71351,Louisiana,Avoyelles,11,5,6,2003,2007
58261,North Dakota,Walsh,11,11,0,1999,2010
03602,New Hampshire,Cheshire,11,11,0,2006,2006
77009,Texas,Harris,11,8,3,2001,2019
70791,Louisiana,E. Baton Rouge,11,8,3,2008,2019
40205,Kentucky,Jefferson,11,11,0,2013,2018
70403,Louisiana,Tangipahoa,11,3,8,2003,2022
89502,Nevada,Washoe,11,0,11,2010,2017
27604,North Carolina,Wake,11,11,0,2009,2014
23661,Virginia,Hampton (city),11,0,11,2003,2022
19403,Pennsylvania,Montgomery,11,2,9,2009,2022
07757,New Jersey,Monmouth,11,0,11,2013,2015
08812,New Jersey,Somerset,11,8,3,2013,2020
70443,Louisiana,Tangipahoa,11,0,11,2003,2022
06820,Connecticut,Fairfield,11,4,7,2007,2020
98027,Washington,King,11,4,7,2007,2023
77840,Texas,Val Verde,11,11,0,1998,1998
50468,Iowa,Floyd,11,11,0,1999,2008
08628,New Jersey,Mercer,11,11,0,1999,1999
25879,West Virginia,Fayette,11,11,0,2001,2004
24736,West Virginia,Mercer,11,11,0,2002,2023
45601,Ohio,Ross,11,11,0,2003,2003
26062,West Virginia,Hancock,11,11,0,2004,2012
28715,North Carolina,Buncombe,11,10,1,2004,2024
36603,Alabama,Mobile,11,11,0,2004,2005
43733,Ohio,Guernsey,11,11,0,2005,2005
66733,Kansas,Neosho,11,11,0,2007,2007
63026,Missouri,St. Louis,11,11,0,2000,2017
30135,Georgia,Douglas,11,11,0,2007,2016
63105,Missouri,St. Louis,11,11,0,2008,2008
30342,Georgia,Fulton,11,11,0,2005,2012
43756,Ohio,Morgan,11,11,0,2011,2011
13339,New York,Montgomery,11,11,0,2011,2011
11772,New York,Suffolk,11,11,0,2011,2013
08311,New Jersey,Cumberland,11,11,0,2013,2013
07095,New Jersey,Middlesex,11,11,0,2013,2020
07758,New Jersey,Monmouth,11,0,11,2013,2013
07750,New Jersey,Monmouth,11,0,11,2013,2013
08738,New Jersey,Ocean,11,0,11,2013,2013
29615,South Carolina,Greenville,11,11,0,2008,2014
33455,Florida,Martin,11,11,0,2019,2019
57022,South Dakota,Minnehaha,11,11,0,2019,2019
19047,Pennsylvania,Bucks,10,7,3,1999,2020
54661,Wisconsin,Trempealeau,10,10,0,2001,2001
70394,Louisiana,Terrebonne,10,1,9,2003,2019
70452,Louisiana,St. Tammany,10,0,10,2005,2018
32055,Florida,Columbia,10,10,0,2012,2017
29206,South Carolina,Richland,10,6,4,2016,2017
77511,Texas,Galveston,10,3,7,2011,2017
28457,North Carolina,Pender,10,9,1,1999,2020
28510,North Carolina,Pamlico,10,2,8,2003,2020
32428,Florida,Washington,10,10,0,2019,2022
27949,North Carolina,Dare,10,0,10,2018,2024
21817,Maryland,Somerset,10,1,9,2010,2020
41645,Kentucky,,10,10,0,2020,2025
73501,Oklahoma,Comanche,10,10,0,2015,2020
30033,Georgia,DeKalb,10,10,0,2007,2021
41722,Kentucky,,10,10,0,2022,2025
41838,Kentucky,,10,10,0,2022,2025
05487,Vermont,Addison,10,10,0,2023,2024
32648,Florida,Dixie,10,1,9,2004,2024
34448,Florida,Citrus,10,1,9,1997,2025
24808,West Virginia,,10,10,0,2001,2025
26003,West Virginia,,10,9,1,2004,2025
38901,Mississippi,Grenada,10,10,0,1997,2009
37334,Tennessee,Lincoln,10,10,0,1997,2002
32303,Florida,Leon,10,10,0,1998,2001
00960,Puerto Rico,Bayamon,10,10,0,1998,2014
46738,Indiana,De Kalb,10,10,0,1999,2008
39532,Mississippi,Harrison,10,6,4,2001,2022
39466,Mississippi,Pearl River,10,10,0,2003,2012
65802,Missouri,Greene,10,10,0,2002,2008
12758,New York,Sullivan,10,6,4,2005,2007
03079,New Hampshire,Rockingham,10,10,0,2007,2011
27609,North Carolina,Wake,10,8,2,2010,2025
02920,Rhode Island,Providence,10,10,0,2011,2015
61523,Illinois,Peoria,10,10,0,2013,2013
40601,Kentucky,Woodford,10,10,0,2003,2015
48910,Michigan,Ingham,10,10,0,2008,2018
70816,Louisiana,E. Baton Rouge,10,6,4,2008,2022
70744,Louisiana,Livingston,10,0,10,2008,2019
17754,Pennsylvania,Lycoming,10,10,0,2011,2021
70808,Louisiana,E. Baton Rouge,10,7,3,2004,2019
70079,Louisiana,St. Charles,10,0,10,1998,2022
37075,Tennessee,Sumner,10,10,0,2010,2020
77336,Texas,Harris,10,8,2,2003,2019
78163,Texas,Comal,10,10,0,1999,1999
30907,Georgia,Richmond,10,10,0,2000,2000
30909,Georgia,Richmond,10,10,0,2000,2009
35218,Alabama,Jefferson,10,10,0,2000,2013
05843,Vermont,Caledonia,10,10,0,2000,2024
25984,West Virginia,Greenbrier,10,10,0,2001,2016
25060,West Virginia,Raleigh,10,10,0,2001,2015
40815,Kentucky,Harlan,10,10,0,2002,2002
63090,Missouri,Franklin,10,10,0,2002,2002
78114,Texas,Goliad,10,10,0,2002,2002
39307,Mississippi,Lauderdale,10,10,0,2003,2003
45680,Ohio,Lawrence,10,0,10,2003,2003
52057,Iowa,Buchanan,10,10,0,2004,2010
45732,Ohio,Athens,10,10,0,2004,2004
15209,Pennsylvania,Allegheny,10,10,0,2004,2005
44691,Ohio,Wayne,10,10,0,2005,2019
70634,Louisiana,Beauregard,10,8,2,2005,2005
18847,Pennsylvania,Susquehanna,10,10,0,2006,2011
54935,Wisconsin,Fond du Lac,10,10,0,2008,2008
58552,North Dakota,Emmons,10,10,0,2009,2009
50501,Iowa,Webster,10,10,0,2010,2010
38012,Tennessee,Haywood,10,10,0,2010,2010
62960,Illinois,Massac,10,10,0,2010,2011
14892,New York,Tioga,10,10,0,2011,2011
13812,New York,Tioga,10,10,0,2011,2022
07834,New Jersey,Morris,10,9,1,2011,2011
03818,New Hampshire,Carroll,10,10,0,2011,2011
18705,Pennsylvania,Luzerne,10,10,0,2011,2011
08751,New Jersey,Ocean,10,0,10,2013,2013
54639,Wisconsin,Vernon,10,10,0,2013,2019
42301,Kentucky,Cumberland,10,10,0,2016,2016
28585,North Carolina,Jones,10,8,2,1999,2024
50674,Iowa,Bremer,10,10,0,2017,2017
51301,Iowa,Clay,10,10,0,2024,2024
29581,South Carolina,Marion,10,0,10,2018,2018
45746,Ohio,Washington,9,9,0,2004,2004
70525,Louisiana,Acadia,9,6,3,2005,2019
46706,Indiana,De Kalb,9,9,0,1998,2010
60046,Illinois,Lake,9,9,0,2009,2011
31705,Georgia,Dougherty,9,9,0,2000,2017
40207,Kentucky,Jefferson,9,9,0,2015,2018
68072,Nebraska,Dodge,9,9,0,2019,2019
21654,Maryland,Talbot,9,0,9,2002,2020
24017,Virginia,Roanoke (city),9,9,0,2005,2020
32169,Florida,Volusia,9,2,7,2009,2023
34498,Florida,Levy,9,0,9,2000,2024
25541,West Virginia,Cabell,9,9,0,2003,2024
28209,North Carolina,Mecklenburg,9,8,1,1998,2024
33931,Florida,Lee,9,0,9,2004,2025
24829,West Virginia,,9,9,0,2001,2025
39156,Mississippi,Warren,9,9,0,1997,2005
39181,Mississippi,Warren,9,9,0,1997,2011
32507,Florida,Escambia,9,5,4,1999,2020
21502,Maryland,,9,9,0,1999,2013
70754,Louisiana,Livingston,9,3,6,2003,2016
21122,Maryland,Anne Arundel,9,1,8,2003,2015
46819,Indiana,Allen,9,9,0,2003,2014
31410,Georgia,Chatham,9,3,6,2008,2023
61528,Illinois,Peoria,9,9,0,2013,2013
60020,Illinois,Lake,9,5,4,2003,2023
99674,Alaska,Matanuska-Susitna,9,9,0,2014,2016
17756,Pennsylvania,Lycoming,9,9,0,2004,2021
17771,Pennsylvania,Lycoming,9,9,0,2004,2016
70811,Louisiana,E. Baton Rouge,9,6,3,2004,2022
70357,Louisiana,Lafourche,9,0,9,2005,2018
70503,Louisiana,Lafayette,9,6,3,2005,2021
70560,Louisiana,Iberia,9,2,7,2005,2019
27936,North Carolina,Dare,9,0,9,2017,2024
60073,Illinois,Lake,9,7,2,2003,2023
77905,Texas,Victoria,9,9,0,1999,1999
50647,Iowa,Black Hawk,9,9,0,1999,2008
28463,North Carolina,Columbus,9,9,0,1999,2018
21651,Maryland,Queen Anne's,9,9,0,1999,2018
24739,West Virginia,Mercer,9,9,0,2000,2023
45686,Ohio,Gallia,9,5,4,2000,2000
07230,Arkansas,Crittenden,9,9,0,2001,2001
05504,Minnesota,Washington,9,5,4,2001,2001
02487,West Virginia,Wyoming,9,9,0,2001,2001
25646,West Virginia,Logan,9,9,0,2001,2015
24970,West Virginia,Greenbrier,9,8,1,2003,2021
38401,Tennessee,Maury,9,9,0,2003,2010
40484,Kentucky,Lincoln,9,9,0,2003,2011
46060,Indiana,Hamilton,9,9,0,2004,2004
00719,Puerto Rico,Naranjito,9,9,0,2004,2004
44683,Ohio,Tuscarawas,9,9,0,2004,2004
17036,Pennsylvania,Dauphin,9,9,0,2004,2011
41240,Kentucky,Johnson,9,9,0,2005,2015
70583,Louisiana,Lafayette,9,3,6,2003,2021
70041,Louisiana,Plaquemines,9,0,9,2005,2012
97420,Oregon,Coos,9,5,4,2006,2016
30134,Georgia,Douglas,9,9,0,2007,2016
63448,Missouri,Lewis,9,9,0,2007,2007
78654,Texas,Burnet,9,9,0,2007,2007
54621,Wisconsin,Vernon,9,9,0,2007,2007
53548,Wisconsin,Rock,9,9,0,2008,2008
60544,Illinois,Will,9,9,0,2009,2009
98532,Washington,Lewis,9,0,9,2009,2009
17878,Pennsylvania,Columbia,9,9,0,2010,2019
37064,Tennessee,Williamson,9,9,0,2010,2010
28573,North Carolina,Jones,9,9,0,1999,2024
12953,New York,Franklin,9,9,0,2011,2011
17859,Pennsylvania,Columbia,9,9,0,2011,2019
17033,Pennsylvania,Dauphin,9,9,0,2011,2011
07728,New Jersey,Monmouth,9,9,0,2012,2012
60425,Illinois,Cook,9,9,0,2013,2013
80905,Colorado,El Paso,9,9,0,2013,2017
77471,Texas,Fort Bend,9,8,1,2016,2016
63965,Missouri,Carter,9,9,0,2017,2017
68352,Nebraska,Jefferson,9,9,0,2019,2019
51654,Iowa,Fremont,9,9,0,2019,2019
37130,Tennessee,Rutherford,9,9,0,2003,2005
77530,Texas,Harris,8,8,0,1999,2017
70395,Louisiana,Terrebonne,8,4,4,2001,2021
77076,Texas,Harris,8,4,4,2001,2018
77550,Texas,Galveston,8,0,8,2011,2019
28540,North Carolina,Onslow,8,8,0,1999,2018
28532,North Carolina,Craven,8,0,8,2013,2024
60970,Illinois,Iroquois,8,8,0,2019,2019
60190,Illinois,DuPage,8,8,0,2013,2024
28207,North Carolina,Mecklenburg,8,2,6,2003,2024
19473,Pennsylvania,Montgomery,8,8,0,2020,2020
70501,Louisiana,Lafayette,8,6,2,2003,2021
41514,Kentucky,,8,8,0,2010,2022
48116,Michigan,Livingston,8,0,8,2023,2024
61032,Illinois,Stephenson,8,8,0,2019,2024
34217,Florida,Manatee,8,1,7,1999,2024
33615,Florida,Hillsborough,8,0,8,2004,2025
41224,Kentucky,,8,8,0,2004,2025
25573,West Virginia,,8,8,0,2016,2025
26416,West Virginia,,8,8,0,1997,2010
19966,Delaware,,8,0,8,1999,2018
11770,New York,Suffolk,8,0,8,1998,2001
61241,Illinois,Henry,8,8,0,2000,2000
52802,Iowa,Scott,8,6,2,2000,2002
61284,Illinois,Rock Island,8,8,0,2001,2002
70668,Louisiana,Calcasieu,8,0,8,2004,2020
11701,New York,Suffolk,8,0,8,1999,2011
94960,California,Marin,8,0,8,2007,2007
18977,Pennsylvania,Bucks,8,6,2,2004,2021
70124,Louisiana,Orleans,8,0,8,2005,2022
28480,North Carolina,New Hanover,8,0,8,2014,2016
22511,Virginia,Northumberland,8,0,8,2010,2019
60188,Illinois,DuPage,8,8,0,2008,2020
70555,Louisiana,Vermilion,8,6,2,2003,2018
59072,Montana,Musselshell,8,8,0,2011,2016
70815,Louisiana,E. Baton Rouge,8,5,3,2004,2022
71301,Louisiana,Rapides,8,6,2,2003,2019
08048,New Jersey,Burlington,8,2,6,2012,2019
37831,Tennessee,Anderson,8,8,0,1999,1999
71130,Louisiana,Caddo,8,8,0,1999,1999
27870,North Carolina,Halifax,8,8,0,1999,1999
54701,Wisconsin,Eau Claire,8,8,0,2000,2000
04360,Ohio,Lucas,8,8,0,2000,2000
38646,Mississippi,Quitman,8,8,0,2001,2001
77002,Texas,Harris,8,7,1,2001,2015
32301,Florida,Leon,8,8,0,2001,2001
62530,Illinois,Sangamon,8,8,0,2002,2002
52310,Iowa,Jones,8,8,0,2002,2010
78013,Texas,Kendall,8,8,0,2002,2002
05851,Vermont,Caledonia,8,8,0,2002,2024
47978,Indiana,Jasper,8,8,0,2002,2002
43452,Ohio,Ottawa,8,0,8,2003,2019
22980,Virginia,Waynesboro (city),8,8,0,2002,2003
62361,Illinois,Pike,8,8,0,2003,2003
20657,Maryland,Calvert,8,4,4,2003,2021
15223,Pennsylvania,Allegheny,8,8,0,2004,2005
43723,Ohio,Guernsey,8,8,0,2005,2005
12131,New York,Schoharie,8,8,0,2005,2011
18840,Pennsylvania,Bradford,8,8,0,2006,2011
18651,Pennsylvania,Luzerne,8,8,0,2006,2011
66720,Kansas,Neosho,8,8,0,2007,2007
66736,Kansas,Wilson,8,8,0,2007,2007
52574,Iowa,Appanoose,8,8,0,2007,2007
52320,Iowa,Jones,8,8,0,2008,2014
46166,Indiana,Morgan,8,8,0,2008,2012
61350,Illinois,La Salle,8,8,0,2008,2008
61102,Illinois,Williamson,8,8,0,2008,2008
40503,Kentucky,Fayette,8,8,0,2009,2009
40351,Kentucky,Rockcastle,8,8,0,2009,2015
58646,North Dakota,Hettinger,8,8,0,2009,2014
56560,Minnesota,Clay,8,8,0,2009,2009
30305,Georgia,Fulton,8,7,1,2005,2009
37189,Tennessee,Davidson,8,8,0,2010,2019
60191,Illinois,DuPage,8,8,0,2008,2019
62954,Illinois,Gallatin,8,7,1,2011,2011
62946,Illinois,Saline,8,8,0,2011,2011
65672,Missouri,Taney,8,8,0,2011,2011
63845,Missouri,Mississippi,8,8,0,2011,2011
60081,Illinois,McHenry,8,7,1,2003,2011
45239,Ohio,Hamilton,8,8,0,2011,2018
44622,Ohio,Tuscarawas,8,8,0,2011,2011
12468,New York,Greene,8,5,3,2011,2020
13845,New York,Tioga,8,8,0,2011,2011
12987,New York,Essex,8,8,0,2011,2011
17038,Pennsylvania,Lebanon,8,8,0,2011,2011
18702,Pennsylvania,Luzerne,8,8,0,2011,2011
07734,New Jersey,Monmouth,8,0,8,2013,2013
08724,New Jersey,Ocean,8,0,8,2010,2013
74017,Oklahoma,Rogers,8,8,0,2015,2020
71446,Louisiana,Vernon,8,8,0,2011,2020
25276,West Virginia,Roane,8,6,2,2016,2016
72034,Arkansas,Faulkner,8,8,0,2017,2017
48657,Michigan,Midland,8,8,0,2017,2020
53968,Wisconsin,Juneau,8,8,0,2019,2019
53941,Wisconsin,Sauk,8,8,0,2019,2020
19405,Pennsylvania,Montgomery,8,8,0,2020,2020
51016,Iowa,Woodbury,8,8,0,2024,2024
07030,Louisiana,Lafourche,7,2,5,2001,2001
07000,Louisiana,Jackson,7,0,7,2001,2003
44707,Ohio,Stark,7,7,0,2003,2005
60115,Illinois,DeKalb,7,7,0,2007,2009
56574,Minnesota,Norman,7,7,0,2000,2022
29204,South Carolina,Richland,7,5,2,2016,2017
77024,Texas,Harris,7,0,7,2016,2019
28451,North Carolina,Brunswick,7,7,0,2018,2025
27817,North Carolina,Beaufort,7,1,6,2011,2018
98264,Washington,Whatcom,7,5,2,2020,2023
36535,Alabama,Baldwin,7,0,7,2004,2020
70426,Louisiana,Washington,7,0,7,2012,2021
19335,Pennsylvania,Cambria,7,7,0,2021,2021
25661,Kentucky,,7,7,0,2022,2025
41649,Kentucky,,7,7,0,2017,2025
32732,Florida,Seminole,7,2,5,2001,2022
33950,Florida,Charlotte,7,1,6,2004,2025
27968,North Carolina,Dare,7,3,4,2011,2024
28712,North Carolina,Transylvania,7,5,2,2024,2024
33606,Florida,Hillsborough,7,0,7,2024,2025
32625,Florida,Levy,7,0,7,2023,2025
24839,West Virginia,Wyoming,7,7,0,2009,2025
97131,Oregon,Tillamook,7,0,7,1997,1999
34205,Florida,Manatee,7,1,6,1998,2009
32561,Florida,Escambia,7,0,7,1999,2016
70810,Louisiana,E. Baton Rouge,7,4,3,1999,2022
11968,New York,,7,0,7,1999,2000
26201,West Virginia,,7,6,1,1999,2023
52803,Iowa,Scott,7,7,0,2000,2008
32346,Florida,Franklin,7,6,1,2001,2019
02047,Massachusetts,Plymouth,7,0,7,2001,2015
99714,Alaska,Fairbanks North Star,7,6,1,2003,2010
70420,Louisiana,St. Tammany,7,2,5,2005,2017
94558,California,Napa,7,0,7,2007,2017
32713,Florida,Volusia,7,7,0,2008,2008
77532,Texas,Harris,7,7,0,2003,2017
70117,Louisiana,Orleans,7,0,7,2005,2022
70421,Louisiana,Tangipahoa,7,2,5,2008,2016
28513,North Carolina,Pitt,7,7,0,1999,2018
36571,Alabama,Mobile,7,7,0,2000,2021
32566,Florida,Santa Rosa,7,2,5,2015,2023
60164,Illinois,Cook,7,7,0,2015,2016
70775,Louisiana,W. Feliciana,7,3,4,2005,2019
60013,Illinois,Lake,7,7,0,2013,2018
70805,Louisiana,E. Baton Rouge,7,3,4,2008,2022
70578,Louisiana,Acadia,7,5,2,2008,2019
07444,New Jersey,Morris,7,3,4,2011,2019
71602,Arkansas,Jefferson,7,6,1,2019,2019
39530,Mississippi,Harrison,7,6,1,2002,2022
71047,Louisiana,Caddo,7,7,0,1999,1999
27976,North Carolina,Camden,7,6,1,1999,2017
28580,North Carolina,Greene,7,6,1,1999,2017
28502,North Carolina,Lenoir,7,7,0,1999,1999
27569,North Carolina,Wayne,7,6,1,1999,2017
28521,North Carolina,Duplin,7,7,0,1999,2017
23315,Virginia,Isle of Wight,7,7,0,1999,2003
23419,Virginia,Northampton,7,0,7,1999,2010
76053,Texas,Tarrant,7,7,0,2000,2000
05597,Minnesota,Fillmore,7,7,0,2000,2000
98244,Washington,Whatcom,7,7,0,2001,2001
39440,Mississippi,Jones,7,7,0,2001,2001
25840,West Virginia,Fayette,7,7,0,2001,2016
25614,West Virginia,Logan,7,7,0,2001,2009
77027,Texas,Harris,7,7,0,2001,2001
07077,Louisiana,E. Baton Rouge,7,5,2,2001,2013
74601,Oklahoma,Kay,7,7,0,2002,2014
64850,Missouri,Newton,7,7,0,2002,2002
24824,West Virginia,McDowell,7,7,0,2002,2009
65616,Missouri,Taney,7,7,0,2002,2011
77963,Texas,Goliad,7,7,0,2002,2002
78368,Texas,San Patricio,7,7,0,2002,2002
78132,Texas,Comal,7,7,0,2002,2002
77488,Texas,Wharton,7,5,2,2002,2017
23089,Virginia,James City,7,0,7,2003,2006
21220,Maryland,Baltimore,7,0,7,2003,2013
19711,Delaware,New Castle,7,7,0,2003,2005
00726,Puerto Rico,Caguas,7,7,0,2004,2010
52048,Iowa,Clayton,7,7,0,2004,2004
43717,Ohio,Noble,7,4,3,2004,2006
40319,Kentucky,Rowan,7,7,0,2004,2010
36206,Alabama,Calhoun,7,7,0,2004,2004
00957,Puerto Rico,Bayamon,7,7,0,2004,2004
16866,Pennsylvania,Centre,7,7,0,2004,2004
19046,Pennsylvania,Montgomery,7,7,0,2003,2004
70643,Louisiana,Cameron,7,0,7,2005,2020
70085,Louisiana,St. Bernard,7,0,7,2005,2005
38921,Mississippi,Tallahatchie,7,7,0,2005,2019
79905,Texas,El Paso,7,7,0,2006,2006
52738,Iowa,Louisa,7,7,0,2008,2008
77068,Texas,Harris,7,7,0,2003,2017
98226,Washington,Whatcom,7,7,0,2009,2022
23138,Virginia,Mathews,7,1,6,2010,2016
26431,West Virginia,Harrison,7,7,0,2010,2012
15145,Pennsylvania,Allegheny,7,7,0,2008,2010
37216,Tennessee,Davidson,7,7,0,2010,2011
42003,Kentucky,McCracken,7,7,0,2007,2010
61060,Illinois,Stephenson,7,7,0,2010,2010
54401,Wisconsin,Marathon,7,7,0,2011,2011
38703,Mississippi,Washington,7,7,0,2011,2011
61074,Illinois,Carroll,7,7,0,2011,2011
12157,New York,Schoharie,7,7,0,2011,2024
11702,New York,Suffolk,7,0,7,2011,2018
05733,Vermont,Rutland,7,7,0,2011,2020
05663,Vermont,Washington,7,6,1,2011,2020
08202,New Jersey,Cape May,7,0,7,2013,2016
07737,New Jersey,Monmouth,7,0,7,2013,2013
29617,South Carolina,Greenville,7,7,0,2014,2014
66503,Kansas,Riley,7,7,0,2015,2019
71403,Louisiana,Vernon,7,7,0,2011,2020
28448,North Carolina,Bladen,7,5,2,2017,2018
28304,North Carolina,Cumberland,7,6,1,2017,2017
54664,Wisconsin,Richland,7,7,0,2017,2019
50619,Iowa,Butler,7,7,0,2017,2017
77086,Texas,Harris,7,7,0,2003,2017
46614,Indiana,St. Joseph,7,7,0,2018,2018
48640,Michigan,Midland,7,7,0,2020,2020
13031,New York,Onondaga,7,2,5,2022,2022
51023,Iowa,Sioux,7,7,0,2024,2024
28806,North Carolina,Buncombe,7,5,2,2024,2024
28730,North Carolina,Buncombe,7,6,1,2024,2024
28709,North Carolina,Buncombe,7,5,2,2024,2024
20744,Maryland,Prince George's,7,7,0,2005,2014
40212,Kentucky,Jefferson,7,7,0,2009,2012
58735,North Dakota,Ward,7,0,7,2015,2016
34981,Florida,St. Lucie,7,3,4,2008,2009
77050,Texas,Harris,6,6,0,2001,2017
77586,Texas,Harris,6,6,0,2001,2017
44432,Ohio,Columbiana,6,6,0,2004,2004
70526,Louisiana,Acadia,6,0,6,2005,2019
70127,Louisiana,Orleans,6,0,6,2005,2022
44053,Ohio,Lorain,6,6,0,2007,2009
62037,Illinois,Jersey,6,6,0,2009,2016
16669,Pennsylvania,Huntingdon,6,6,0,2010,2010
77075,Texas,Harris,6,2,4,2017,2019
77077,Texas,Harris,6,1,5,2017,2019
77591,Texas,Galveston,6,0,6,2013,2019
27704,North Carolina,Durham,6,6,0,2013,2018
28405,North Carolina,New Hanover,6,6,0,1999,2018
28581,North Carolina,Carteret,6,0,6,2003,2018
28529,North Carolina,Pamlico,6,0,6,2011,2018
27978,North Carolina,Dare,6,0,6,2003,2024
77713,Texas,Jefferson,6,3,3,2015,2020
98247,Washington,Whatcom,6,4,2,2020,2023
23421,Virginia,Accomack,6,0,6,1999,2020
26582,West Virginia,Marion,6,6,0,2015,2020
70518,Louisiana,Acadia,6,2,4,2008,2021
41831,Kentucky,,6,6,0,2022,2025
32725,Florida,Volusia,6,1,5,2009,2023
05355,Vermont,Windham,6,6,0,2011,2024
25517,West Virginia,Wayne,6,6,0,2024,2024
28732,North Carolina,Henderson,6,4,2,2024,2024
28205,North Carolina,Mecklenburg,6,4,2,2010,2024
28208,North Carolina,Mecklenburg,6,5,1,2003,2024
33905,Florida,Lee,6,0,6,1997,2025
25670,West Virginia,,6,6,0,2004,2025
24892,West Virginia,McDowell,6,6,0,2025,2025
24828,West Virginia,,6,6,0,2006,2025
95757,California,Sacramento,6,0,6,2017,2019
30067,Georgia,Cobb,6,6,0,2007,2019
83810,Idaho,,6,4,2,1997,2003
65046,Missouri,Moniteau,6,0,6,1997,1997
28213,North Carolina,Mecklenburg,6,6,0,1997,2024
48768,Michigan,Tuscola,6,1,5,1998,2001
35215,Alabama,Jefferson,6,6,0,1999,2009
17837,Pennsylvania,,6,5,1,1999,2011
98024,Washington,King,6,5,1,2000,2013
61259,Illinois,Rock Island,6,6,0,2001,2001
63023,Missouri,Jefferson,6,6,0,2001,2008
71118,Louisiana,Caddo,6,6,0,1999,2010
98255,Washington,Skagit,6,6,0,2003,2007
02171,Massachusetts,Norfolk,6,0,6,2003,2007
29412,South Carolina,Charleston,6,2,4,2004,2020
98058,Washington,King,6,6,0,2001,2008
08540,New Jersey,Mercer,6,4,2,2007,2020
97049,Oregon,Clackamas,6,5,1,2007,2017
98272,Washington,Snohomish,6,4,2,2009,2017
53716,Wisconsin,Dane,6,0,6,2010,2012
30030,Georgia,DeKalb,6,6,0,2007,2019
27510,North Carolina,Orange,6,4,2,2013,2024
23504,Virginia,Norfolk (city),6,2,4,2000,2016
23322,Virginia,Chesapeake (city),6,4,2,2003,2017
31548,Georgia,Camden,6,6,0,2014,2017
28524,North Carolina,Carteret,6,0,6,2014,2021
23323,Virginia,Chesapeake (city),6,6,0,2014,2018
98294,Washington,Snohomish,6,6,0,2003,2023
60187,Illinois,DuPage,6,6,0,2013,2015
70380,Louisiana,St. Mary,6,1,5,2008,2024
28465,North Carolina,Brunswick,6,0,6,2015,2024
77662,Texas,Orange,6,5,1,2001,2019
60901,Illinois,Kankakee,6,6,0,2011,2016
41129,Kentucky,Boyd,6,6,0,2011,2021
77043,Texas,Harris,6,0,6,2016,2019
77056,Texas,Harris,6,1,5,2016,2018
86326,Arizona,Yavapai,6,6,0,2018,2019
40214,Kentucky,Jefferson,6,6,0,2009,2019
77018,Texas,Harris,6,4,2,2001,2019
77518,Texas,Galveston,6,1,5,2001,2019
39520,Mississippi,Hancock,6,3,3,2005,2022
71006,Louisiana,Bossier,6,5,1,1999,1999
52214,Iowa,Linn,6,6,0,1999,1999
68701,Nebraska,Madison,6,6,0,1999,2004
19064,Pennsylvania,Delaware,6,6,0,1999,1999
85320,Arizona,Maricopa,6,6,0,2001,2001
74355,Oklahoma,Ottawa,6,6,0,2001,2001
25880,West Virginia,Fayette,6,6,0,2001,2015
24701,West Virginia,McDowell,6,6,0,2001,2006
39531,Mississippi,Harrison,6,5,1,2002,2005
02437,Virginia,Smyth,6,6,0,2002,2002
24842,West Virginia,McDowell,6,6,0,2002,2004
62561,Illinois,Sangamon,6,6,0,2002,2002
27932,North Carolina,Chowan,6,5,1,2003,2017
18518,Pennsylvania,Lackawanna,6,6,0,2003,2003
47383,Indiana,Delaware,6,6,0,2003,2008
23838,Virginia,Chesterfield,6,5,1,2003,2010
23430,Virginia,Isle of Wight,6,6,0,2003,2010
23480,Virginia,Accomack,6,0,6,2003,2011
23001,Virginia,Gloucester,6,1,5,2003,2010
35234,Alabama,Jefferson,6,6,0,2004,2004
26301,West Virginia,Harrison,6,6,0,2004,2009
10523,New York,Westchester,6,0,6,2002,2020
43749,Ohio,Guernsey,6,6,0,2005,2005
12066,New York,Schoharie,6,4,2,2005,2011
19555,Pennsylvania,Berks,6,6,0,2006,2006
43612,Ohio,Lucas,6,6,0,2006,2006
13490,New York,Oneida,6,6,0,2007,2007
04785,Maine,Aroostook,6,6,0,2007,2007
30606,Georgia,Clarke,6,6,0,2008,2008
51560,Iowa,Pottawattamie,6,6,0,2008,2019
52739,Iowa,Muscatine,6,6,0,2008,2008
51503,Iowa,Pottawattamie,6,6,0,2005,2019
47234,Indiana,Shelby,6,6,0,2008,2008
61073,Illinois,Winnebago,6,6,0,2008,2008
26554,West Virginia,Marion,6,6,0,2006,2015
99668,Alaska,Bethel (CA),6,0,6,2002,2009
51555,Iowa,Pottawattamie,6,6,0,2011,2019
12414,New York,Greene,6,6,0,2011,2011
12402,New York,Ulster,6,6,0,2011,2011
11769,New York,Suffolk,6,6,0,2011,2013
12430,New York,Delaware,6,4,2,2011,2011
55808,Minnesota,St. Louis,6,6,0,2012,2022
07739,New Jersey,Monmouth,6,0,6,2013,2013
07740,New Jersey,Monmouth,6,0,6,2013,2013
08740,New Jersey,Ocean,6,0,6,2013,2013
53024,Wisconsin,Ozaukee,6,6,0,2012,2020
80302,Colorado,Boulder,6,6,0,2013,2013
25839,West Virginia,Raleigh,6,6,0,2015,2015
23847,Virginia,Emporia (city),6,6,0,2016,2016
28447,North Carolina,Bladen,6,6,0,1999,2018
27524,North Carolina,Johnston,6,4,2,1999,2017
27909,North Carolina,Pasquotank,6,5,1,2017,2017
27828,North Carolina,Greene,6,6,0,1999,2017
31328,Georgia,Chatham,6,0,6,2017,2017
43119,Ohio,Franklin,6,6,0,2018,2018
46702,Indiana,Huntington,6,6,0,2018,2018
47129,Indiana,Clark,6,6,0,2018,2018
57078,South Dakota,Yankton,6,6,0,2019,2019
57356,South Dakota,Charles Mix,6,6,0,2020,2020
32701,Florida,Seminole,6,0,6,2022,2022
28773,North Carolina,Polk,6,6,0,2024,2024
75961,Texas,Nacogdoches,6,6,0,2005,2011
33043,Florida,Monroe,6,1,5,2017,2022
62330,Illinois,Hancock,6,6,0,2019,2019
08502,New Jersey,,5,2,3,1999,2020
74003,Oklahoma,Washington,5,5,0,2001,2007
71295,Louisiana,Franklin,5,4,1,1999,2005
14719,New York,Cattaraugus,5,5,0,2004,2020
71418,Louisiana,Caldwell,5,3,2,2003,2008
77568,Texas,Galveston,5,0,5,2011,2017
77042,Texas,Harris,5,2,3,2016,2017
77055,Texas,Harris,5,3,2,2003,2018
28394,North Carolina,Moore,5,5,0,2017,2024
28583,North Carolina,Pamlico,5,2,3,1999,2024
36561,Alabama,Baldwin,5,0,5,2017,2020
99559,Alaska,Anchorage,5,5,0,2013,2019
62206,Illinois,St. Clair,5,5,0,2020,2020
62201,Illinois,St. Clair,5,5,0,2020,2023
19453,Pennsylvania,Montgomery,5,5,0,2020,2021
32503,Florida,Escambia,5,5,0,2014,2020
70776,Louisiana,Iberville,5,0,5,2021,2022
41535,Kentucky,Pike,5,5,0,2022,2022
41601,Kentucky,,5,5,0,2022,2025
41719,Kentucky,,5,5,0,2022,2022
41723,Kentucky,,5,5,0,2022,2025
41824,Kentucky,,5,5,0,2022,2025
41843,Kentucky,,5,5,0,2022,2025
32129,Florida,Volusia,5,3,2,2022,2023
25015,West Virginia,Kanawha,5,5,0,2013,2024
56001,Minnesota,Blue Earth,5,5,0,2013,2024
56096,Minnesota,Le Sueur,5,2,3,2014,2024
03842,New Hampshire,Rockingham,5,0,5,2024,2024
13350,New York,Herkimer,5,5,0,2011,2024
60132,Illinois,,5,5,0,2024,2024
28655,North Carolina,Burke,5,5,0,2024,2024
28742,North Carolina,Henderson,5,3,2,2000,2024
33705,Florida,Pinellas,5,0,5,2000,2025
33572,Florida,Hillsborough,5,0,5,2025,2025
06615,Connecticut,Fairfield,5,0,5,2003,2019
30126,Georgia,Cobb,5,5,0,2009,2019
48157,Michigan,Monroe,5,0,5,2017,2019
15147,Pennsylvania,Allegheny,5,5,0,2019,2019
97141,Oregon,Tillamook,5,0,5,1997,1999
63050,Missouri,Jefferson,5,4,1,1998,2008
07073,Louisiana,Ascension,5,3,2,2000,2001
68002,Nebraska,Washington,5,5,0,2000,2019
74070,Oklahoma,,5,5,0,2000,2003
77377,Texas,Harris,5,5,0,2000,2014
32526,Florida,,5,4,1,2001,2024
52601,Iowa,Scott,5,5,0,2001,2001
71269,Louisiana,Richland,5,4,1,2003,2018
78719,Texas,Travis,5,5,0,2003,2007
71322,Louisiana,Avoyelles,5,1,4,2003,2007
02050,Massachusetts,Plymouth,5,1,4,2006,2015
30345,Georgia,DeKalb,5,5,0,2007,2014
32571,Florida,Santa Rosa,5,2,3,2001,2014
02045,Massachusetts,Plymouth,5,0,5,2007,2010
39042,Mississippi,Forrest,5,5,0,2003,2009
18040,Pennsylvania,Northampton,5,1,4,2008,2019
98256,Washington,Snohomish,5,5,0,2011,2016
32114,Florida,Volusia,5,5,0,2004,2016
30047,Georgia,Gwinnett,5,5,0,2007,2013
61604,Illinois,Peoria,5,3,2,2013,2013
27106,North Carolina,Forsyth,5,5,0,2008,2016
18966,Pennsylvania,Bucks,5,4,1,1999,2019
77510,Texas,Galveston,5,0,5,2011,2019
23505,Virginia,Norfolk (city),5,0,5,2013,2018
30144,Georgia,Cobb,5,5,0,2011,2015
59722,Montana,Powell,5,5,0,2011,2017
70548,Louisiana,St. Tammany,5,0,5,2015,2019
07823,New Jersey,Warren,5,1,4,2013,2019
28512,North Carolina,Carteret,5,0,5,2015,2021
23502,Virginia,Norfolk (city),5,0,5,2003,2018
23452,Virginia,Virginia Beach (city),5,1,4,2009,2019
35020,Alabama,Jefferson,5,5,0,2003,2016
77357,Texas,Montgomery,5,5,0,1999,2019
72404,Arkansas,Craighead,5,5,0,2017,2019
70774,Louisiana,Ascension,5,1,4,2003,2018
65529,Missouri,Phelps,5,5,0,2007,2017
17042,Pennsylvania,Lebanon,5,5,0,2011,2017
60002,Illinois,Lake,5,2,3,2003,2018
60041,Illinois,Lake,5,5,0,2013,2023
70739,Louisiana,E. Baton Rouge,5,3,2,2004,2019
08741,New Jersey,Ocean,5,0,5,2013,2019
98568,Washington,Grays Harbor,5,2,3,2008,2018
98597,Washington,Thurston,5,0,5,2009,2018
72032,Arkansas,Faulkner,5,5,0,2019,2019
77302,Texas,Montague,5,5,0,2003,2019
77091,Texas,Harris,5,2,3,2009,2024
39564,Mississippi,Jackson,5,5,0,2005,2022
25701,West Virginia,Wayne,5,5,0,2004,2024
77373,Texas,Harris,5,5,0,1999,2017
03721,Tennessee,Davidson,5,5,0,1999,1999
63655,Missouri,Madison,5,5,0,1999,2002
58301,North Dakota,Ramsey,5,5,0,1999,2011
58324,North Dakota,Towner,5,5,0,1999,1999
27881,North Carolina,Edgecombe,5,5,0,1999,1999
28551,North Carolina,Lenoir,5,5,0,1999,2017
23426,Virginia,Accomack,5,1,4,1999,2019
36542,Alabama,Baldwin,5,0,5,2000,2020
24740,West Virginia,Mercer,5,5,0,2000,2006
40177,Kentucky,Jefferson,5,2,3,2000,2008
05598,Minnesota,Wabasha,5,5,0,2000,2000
08638,New Jersey,Mercer,5,5,0,1999,2000
04574,Ohio,Meigs,5,3,2,2000,2000
74133,Oklahoma,Tulsa,5,5,0,2001,2019
74135,Oklahoma,Tulsa,5,5,0,2001,2017
56744,Minnesota,Marshall,5,5,0,1999,2023
24849,West Virginia,Wyoming,5,5,0,2001,2015
25917,West Virginia,Fayette,5,5,0,2001,2004
26448,West Virginia,Harrison,5,5,0,2001,2015
77066,Texas,Harris,5,5,0,2001,2003
07080,Louisiana,E. Baton Rouge,5,1,4,2001,2020
07033,Louisiana,Ascension,5,0,5,2001,2001
74604,Oklahoma,Kay,5,5,0,2002,2014
63601,Missouri,St. Francois,5,5,0,2002,2002
78113,Texas,Karnes,5,5,0,2002,2002
28710,North Carolina,Beaufort,5,4,1,2003,2024
36201,Alabama,Calhoun,5,5,0,2003,2003
44641,Ohio,Stark,5,5,0,2003,2003
23181,Virginia,Prince William,5,1,4,2003,2017
24416,Virginia,Rockbridge,5,5,0,2003,2003
24483,Virginia,Rockbridge,5,5,0,2003,2003
20674,Maryland,St. Mary's,5,0,5,2003,2018
43943,Ohio,Jefferson,5,5,0,2004,2004
58257,North Dakota,Traill,5,5,0,2004,2011
44221,Ohio,Summit,5,5,0,2004,2004
46001,Indiana,Madison,5,5,0,2004,2004
48849,Michigan,Barry,5,0,5,2004,2004
33541,Florida,Pasco,5,5,0,2003,2004
32738,Florida,Volusia,5,3,2,2003,2023
35228,Alabama,Jefferson,5,5,0,2004,2009
36619,Alabama,Mobile,5,5,0,2004,2005
47905,Indiana,Tippecanoe,5,5,0,2005,2005
70591,Louisiana,Jefferson Davis,5,1,4,2005,2020
77541,Texas,Brazoria,5,5,0,2003,2007
28518,North Carolina,Duplin,5,5,0,2006,2018
66012,Kansas,Wyandotte,5,5,0,2006,2006
55060,Minnesota,Steele,5,5,0,2006,2009
13856,New York,Delaware,5,5,0,2006,2006
23045,Virginia,Mathews,5,0,5,2006,2012
23109,Virginia,Mathews,5,0,5,2006,2012
67336,Kansas,Cherokee,5,5,0,2007,2007
31415,Georgia,Chatham,5,5,0,2007,2012
97016,Oregon,Columbia,5,2,3,2008,2008
52245,Iowa,Johnson,5,5,0,2008,2014
53121,Wisconsin,Walworth,5,5,0,2008,2008
48911,Michigan,Ingham,5,5,0,2008,2008
07067,Louisiana,Jefferson,5,4,1,2008,2020
71107,Louisiana,Caddo,5,5,0,2008,2016
60447,Illinois,Will,5,5,0,2009,2013
46368,Indiana,Porter,5,5,0,2009,2011
30044,Georgia,Gwinnett,5,5,0,2009,2009
71036,Louisiana,Bossier,5,5,0,2010,2015
23061,Virginia,Gloucester,5,0,5,2003,2010
23324,Virginia,Chesapeake (city),5,4,1,2010,2010
37129,Tennessee,Rutherford,5,5,0,2003,2019
37027,Tennessee,Williamson,5,3,2,2010,2022
42001,Kentucky,McCracken,5,5,0,2010,2010
62957,Illinois,Alexander,5,5,0,2010,2010
62477,Illinois,Clark,5,5,0,2010,2010
62984,Illinois,Gallatin,5,4,1,2011,2011
57021,South Dakota,Turner,5,5,0,2011,2011
05032,Vermont,Windsor,5,5,0,2011,2011
05143,Vermont,Windsor,5,5,0,2011,2023
27959,North Carolina,Dare,5,0,5,2011,2024
12446,New York,Ulster,5,5,0,2011,2011
12457,New York,Ulster,5,5,0,2011,2011
18623,Pennsylvania,Wyoming,5,5,0,2011,2011
13778,New York,Chenango,5,0,5,2011,2011
07436,New Jersey,Bergen,5,1,4,2012,2013
08807,New Jersey,Somerset,5,1,4,2012,2020
07036,New Jersey,Union,5,3,2,2001,2013
08234,New Jersey,Atlantic,5,0,5,2013,2013
08205,New Jersey,Atlantic,5,0,5,2013,2013
07717,New Jersey,Monmouth,5,0,5,2013,2013
08758,New Jersey,Ocean,5,0,5,2013,2013
45764,Ohio,Athens,5,5,0,2013,2013
56073,Minnesota,Brown,5,5,0,2014,2019
25159,West Virginia,Putnam,5,5,0,2015,2018
74108,Oklahoma,Tulsa,5,5,0,2001,2016
75110,Texas,Navarro,5,5,0,2015,2015
21207,Maryland,Baltimore,5,5,0,2016,2016
77476,Texas,Fort Bend,5,4,1,2016,2016
28301,North Carolina,Cumberland,5,5,0,2017,2017
28364,North Carolina,Robeson,5,3,2,2017,2018
52101,Iowa,Winneshiek,5,5,0,2017,2017
77515,Texas,Brazoria,5,0,5,2017,2017
50325,Iowa,Polk,5,5,0,2018,2020
28787,North Carolina,Madison,5,4,1,2018,2024
14171,New York,Cattaraugus,5,5,0,2019,2019
54638,Wisconsin,Monroe,5,5,0,2019,2019
54656,Wisconsin,Monroe,5,5,0,2019,2019
68765,Nebraska,Pierce,5,5,0,2019,2019
68421,Nebraska,Nemaha,5,5,0,2019,2019
64701,Missouri,Cass,5,5,0,2020,2020
63124,Missouri,St. Louis,5,5,0,2022,2025
63143,Missouri,St. Louis (city),5,5,0,2022,2022
30032,Georgia,DeKalb,5,5,0,2007,2010
46142,Indiana,Johnson,5,5,0,2008,2018
53646,Iowa,Louisa,5,5,0,2008,2008
43812,Ohio,Coshocton,5,5,0,2008,2008
